business	dictionary_code	item_code	item_short_name	item_full_name	analytical_attribute_code
FB	ACCOUNTS	20211	20211	Бухгалтерский счет 20211	account
FB	ACCOUNTS	40210	40210	Бухгалтерский счет 40210	account
FB	ACCOUNTS	50113	50113	Бухгалтерский счет 50113	account
FB	ACCOUNTS	50211	50211	Бухгалтерский счет 50211	account
FB	ACCOUNTS	50221	50221	Бухгалтерский счет 50221	account
FB	ACCOUNTS	50222	50222	Бухгалтерский счет 50222	account
FB	ACCOUNTS	50231	50231	Бухгалтерский счет 50231	account
FB	ACCOUNTS	50232	50232	Бухгалтерский счет 50232	account
FB	ACCOUNTS	АКР_1	АКР_1	Бухгалтерский счет АКР_1	account
FB	ACCOUNTS	БА_ГАБС_1	БА_ГАБС_1	Бухгалтерский счет БА_ГАБС_1	account
FB	ACCOUNTS	БА_ГАБС_2	БА_ГАБС_2	Бухгалтерский счет БА_ГАБС_2	account
FB	ACCOUNTS	БА_ГАБС_3	БА_ГАБС_3	Бухгалтерский счет БА_ГАБС_3	account
FB	ACCOUNTS	БА_ГРБС_1	БА_ГРБС_1	Бухгалтерский счет БА_ГРБС_1	account
FB	ACCOUNTS	БА_ГРБС_2	БА_ГРБС_2	Бухгалтерский счет БА_ГРБС_2	account
FB	ACCOUNTS	БА_ГРБС_3	БА_ГРБС_3	Бухгалтерский счет БА_ГРБС_3	account
FB	ACCOUNTS	БА_ГРБС_4	БА_ГРБС_4	Бухгалтерский счет БА_ГРБС_4	account
FB	ACCOUNTS	БА_КОНТР_1	БА_КОНТР_1	Бухгалтерский счет БА_КОНТР_1	account
FB	ACCOUNTS	БА_ЛБО_1	БА_ЛБО_1	Бухгалтерский счет БА_ЛБО_1	account
FB	ACCOUNTS	БА_ЛБО_2	БА_ЛБО_2	Бухгалтерский счет БА_ЛБО_2	account
FB	ACCOUNTS	БА_ЛБО_3	БА_ЛБО_3	Бухгалтерский счет БА_ЛБО_3	account
FB	ACCOUNTS	БА_ЛБО_4	БА_ЛБО_4	Бухгалтерский счет БА_ЛБО_4	account
FB	ACCOUNTS	БА_РБС_РЕЗ_1	БА_РБС_РЕЗ_1	Бухгалтерский счет БА_РБС_РЕЗ_1	account
FB	ACCOUNTS	БА_УТВ_БДЖ_1	БА_УТВ_БДЖ_1	Бухгалтерский счет БА_УТВ_БДЖ_1	account
FB	ACCOUNTS	БА_УТВ_БДЖ_2	БА_УТВ_БДЖ_2	Бухгалтерский счет БА_УТВ_БДЖ_2	account
FB	ACCOUNTS	БА_УТВ_БДЖ_3	БА_УТВ_БДЖ_3	Бухгалтерский счет БА_УТВ_БДЖ_3	account
FB	ACCOUNTS	БА_УТВ_БДЖ_4	БА_УТВ_БДЖ_4	Бухгалтерский счет БА_УТВ_БДЖ_4	account
FB	ACCOUNTS	БА_УТВ_ГРБС_1	БА_УТВ_ГРБС_1	Бухгалтерский счет БА_УТВ_ГРБС_1	account
FB	ACCOUNTS	БА_УТВ_ГРБС_2	БА_УТВ_ГРБС_2	Бухгалтерский счет БА_УТВ_ГРБС_2	account
FB	ACCOUNTS	БА_УТВ_ГРБС_3	БА_УТВ_ГРБС_3	Бухгалтерский счет БА_УТВ_ГРБС_3	account
FB	ACCOUNTS	БА_УТВ_ГРБС_4	БА_УТВ_ГРБС_4	Бухгалтерский счет БА_УТВ_ГРБС_4	account
FB	ACCOUNTS	БА_ФАИП_1	БА_ФАИП_1	Бухгалтерский счет БА_ФАИП_1	account
FB	ACCOUNTS	БА_ФАИП_2	БА_ФАИП_2	Бухгалтерский счет БА_ФАИП_2	account
FB	ACCOUNTS	БА_ФАИП_3	БА_ФАИП_3	Бухгалтерский счет БА_ФАИП_3	account
FB	ACCOUNTS	БО_ПБС_ЗФ_1	БО_ПБС_ЗФ_1	Бухгалтерский счет БО_ПБС_ЗФ_1	account
FB	ACCOUNTS	БО_ПБС_ЗФ_2	БО_ПБС_ЗФ_2	Бухгалтерский счет БО_ПБС_ЗФ_2	account
FB	ACCOUNTS	БО_ПБС_ЗФ_3	БО_ПБС_ЗФ_3	Бухгалтерский счет БО_ПБС_ЗФ_3	account
FB	ACCOUNTS	БО_ПБС_ЗФ_ВАЛ_1	БО_ПБС_ЗФ_ВАЛ_1	Бухгалтерский счет БО_ПБС_ЗФ_ВАЛ_1	account
FB	ACCOUNTS	БО_ПБС_ЗФ_ВАЛ_2	БО_ПБС_ЗФ_ВАЛ_2	Бухгалтерский счет БО_ПБС_ЗФ_ВАЛ_2	account
FB	ACCOUNTS	БО_ПБС_ЗФ_ВАЛ_3	БО_ПБС_ЗФ_ВАЛ_3	Бухгалтерский счет БО_ПБС_ЗФ_ВАЛ_3	account
FB	ACCOUNTS	БО_ПБС_ПР_1	БО_ПБС_ПР_1	Бухгалтерский счет БО_ПБС_ПР_1	account
FB	ACCOUNTS	БО_ПБС_ПР_2	БО_ПБС_ПР_2	Бухгалтерский счет БО_ПБС_ПР_2	account
FB	ACCOUNTS	БЮДЖЕТ_1	БЮДЖЕТ_1	Бухгалтерский счет БЮДЖЕТ_1	account
FB	ACCOUNTS	БЮДЖЕТ_ВАЛ_1	БЮДЖЕТ_ВАЛ_1	Бухгалтерский счет БЮДЖЕТ_ВАЛ_1	account
FB	ACCOUNTS	ВЫБЫТИЯ_ВН	ВЫБЫТИЯ_ВН	Бухгалтерский счет ВЫБЫТИЯ_ВН	account
FB	ACCOUNTS	ВЫБЫТИЯ_КУ	ВЫБЫТИЯ_КУ	Бухгалтерский счет ВЫБЫТИЯ_КУ	account
FB	ACCOUNTS	ДО_ОПЛ_1	ДО_ОПЛ_1	Бухгалтерский счет ДО_ОПЛ_1	account
FB	ACCOUNTS	ДО_ПБС_1	ДО_ПБС_1	Бухгалтерский счет ДО_ПБС_1	account
FB	ACCOUNTS	ДО_ПБС_2	ДО_ПБС_2	Бухгалтерский счет ДО_ПБС_2	account
FB	ACCOUNTS	ДО_ПБС_3	ДО_ПБС_3	Бухгалтерский счет ДО_ПБС_3	account
FB	ACCOUNTS	ДО_ПБС_ВАЛ_1	ДО_ПБС_ВАЛ_1	Бухгалтерский счет ДО_ПБС_ВАЛ_1	account
FB	ACCOUNTS	ДО_ПБС_ВАЛ_2	ДО_ПБС_ВАЛ_2	Бухгалтерский счет ДО_ПБС_ВАЛ_2	account
FB	ACCOUNTS	ДО_ПБС_ВАЛ_3	ДО_ПБС_ВАЛ_3	Бухгалтерский счет ДО_ПБС_ВАЛ_3	account
FB	ACCOUNTS	ДО_ПБС_СРОК	ДО_ПБС_СРОК	Бухгалтерский счет ДО_ПБС_СРОК	account
FB	ACCOUNTS	ЛБО_1	ЛБО_1	Бухгалтерский счет ЛБО_1	account
FB	ACCOUNTS	ЛБО_ВАЛ_1	ЛБО_ВАЛ_1	Бухгалтерский счет ЛБО_ВАЛ_1	account
FB	ACCOUNTS	ЛБО_ГАБС_1	ЛБО_ГАБС_1	Бухгалтерский счет ЛБО_ГАБС_1	account
FB	ACCOUNTS	ЛБО_ГАБС_2	ЛБО_ГАБС_2	Бухгалтерский счет ЛБО_ГАБС_2	account
FB	ACCOUNTS	ЛБО_ГАБС_3	ЛБО_ГАБС_3	Бухгалтерский счет ЛБО_ГАБС_3	account
FB	ACCOUNTS	ЛБО_ГРБС_1	ЛБО_ГРБС_1	Бухгалтерский счет ЛБО_ГРБС_1	account
FB	ACCOUNTS	ЛБО_ГРБС_2	ЛБО_ГРБС_2	Бухгалтерский счет ЛБО_ГРБС_2	account
FB	ACCOUNTS	ЛБО_ГРБС_3	ЛБО_ГРБС_3	Бухгалтерский счет ЛБО_ГРБС_3	account
FB	ACCOUNTS	ЛБО_ГРБС_4	ЛБО_ГРБС_4	Бухгалтерский счет ЛБО_ГРБС_4	account
FB	ACCOUNTS	ЛБО_ГРБС_ОКВ_1	ЛБО_ГРБС_ОКВ_1	Бухгалтерский счет ЛБО_ГРБС_ОКВ_1	account
FB	ACCOUNTS	ЛБО_ГРБС_ОКВ_2	ЛБО_ГРБС_ОКВ_2	Бухгалтерский счет ЛБО_ГРБС_ОКВ_2	account
FB	ACCOUNTS	ЛБО_ГРБС_ОКВ_3	ЛБО_ГРБС_ОКВ_3	Бухгалтерский счет ЛБО_ГРБС_ОКВ_3	account
FB	ACCOUNTS	ЛБО_КОНТР_1	ЛБО_КОНТР_1	Бухгалтерский счет ЛБО_КОНТР_1	account
FB	ACCOUNTS	ЛБО_ПБС_1	ЛБО_ПБС_1	Бухгалтерский счет ЛБО_ПБС_1	account
FB	ACCOUNTS	ЛБО_ПБС_2	ЛБО_ПБС_2	Бухгалтерский счет ЛБО_ПБС_2	account
FB	ACCOUNTS	ЛБО_ПБС_ВАЛ_1	ЛБО_ПБС_ВАЛ_1	Бухгалтерский счет ЛБО_ПБС_ВАЛ_1	account
FB	ACCOUNTS	ЛБО_ПБС_ОТЗ_1	ЛБО_ПБС_ОТЗ_1	Бухгалтерский счет ЛБО_ПБС_ОТЗ_1	account
FB	ACCOUNTS	ЛБО_ПЕР_1	ЛБО_ПЕР_1	Бухгалтерский счет ЛБО_ПЕР_1	account
FB	ACCOUNTS	ЛБО_ПОЛ_1	ЛБО_ПОЛ_1	Бухгалтерский счет ЛБО_ПОЛ_1	account
FB	ACCOUNTS	ЛБО_РБС_РЕЗ_1	ЛБО_РБС_РЕЗ_1	Бухгалтерский счет ЛБО_РБС_РЕЗ_1	account
FB	ACCOUNTS	ЛБО_РЕЗ_1	ЛБО_РЕЗ_1	Бухгалтерский счет ЛБО_РЕЗ_1	account
FB	ACCOUNTS	ЛБО_УТВ_БДЖ_1	ЛБО_УТВ_БДЖ_1	Бухгалтерский счет ЛБО_УТВ_БДЖ_1	account
FB	ACCOUNTS	ЛБО_УТВ_БДЖ_2	ЛБО_УТВ_БДЖ_2	Бухгалтерский счет ЛБО_УТВ_БДЖ_2	account
FB	ACCOUNTS	ЛБО_УТВ_БДЖ_3	ЛБО_УТВ_БДЖ_3	Бухгалтерский счет ЛБО_УТВ_БДЖ_3	account
FB	ACCOUNTS	ЛБО_УТВ_БДЖ_4	ЛБО_УТВ_БДЖ_4	Бухгалтерский счет ЛБО_УТВ_БДЖ_4	account
FB	ACCOUNTS	ЛБО_УТВ_ГРБС_1	ЛБО_УТВ_ГРБС_1	Бухгалтерский счет ЛБО_УТВ_ГРБС_1	account
FB	ACCOUNTS	ЛБО_УТВ_ГРБС_2	ЛБО_УТВ_ГРБС_2	Бухгалтерский счет ЛБО_УТВ_ГРБС_2	account
FB	ACCOUNTS	ЛБО_УТВ_ГРБС_3	ЛБО_УТВ_ГРБС_3	Бухгалтерский счет ЛБО_УТВ_ГРБС_3	account
FB	ACCOUNTS	ЛБО_УТВ_ГРБС_4	ЛБО_УТВ_ГРБС_4	Бухгалтерский счет ЛБО_УТВ_ГРБС_4	account
FB	ACCOUNTS	ЛБО_ФАИП_1	ЛБО_ФАИП_1	Бухгалтерский счет ЛБО_ФАИП_1	account
FB	ACCOUNTS	ЛБО_ФАИП_2	ЛБО_ФАИП_2	Бухгалтерский счет ЛБО_ФАИП_2	account
FB	ACCOUNTS	ЛБО_ФАИП_3	ЛБО_ФАИП_3	Бухгалтерский счет ЛБО_ФАИП_3	account
FB	ACCOUNTS	ПОСТ_ЗАЧ_С_БДЖ	ПОСТ_ЗАЧ_С_БДЖ	Бухгалтерский счет ПОСТ_ЗАЧ_С_БДЖ	account
FB	ACCOUNTS	ПОСТУПЛЕНИЯ_ВН	ПОСТУПЛЕНИЯ_ВН	Бухгалтерский счет ПОСТУПЛЕНИЯ_ВН	account
FB	ACCOUNTS	ПОСТУПЛЕНИЯ_КУ	ПОСТУПЛЕНИЯ_КУ	Бухгалтерский счет ПОСТУПЛЕНИЯ_КУ	account
FB	ACCOUNTS	ПОФР_1	ПОФР_1	Бухгалтерский счет ПОФР_1	account
FB	ACCOUNTS	ПОФР_БДЖ_1	ПОФР_БДЖ_1	Бухгалтерский счет ПОФР_БДЖ_1	account
FB	ACCOUNTS	ПОФР_БДЖ_2	ПОФР_БДЖ_2	Бухгалтерский счет ПОФР_БДЖ_2	account
FB	ACCOUNTS	ПОФР_ГАБС5_1	ПОФР_ГАБС5_1	Бухгалтерский счет ПОФР_ГАБС5_1	account
FB	ACCOUNTS	ПОФР_ГАБС_1	ПОФР_ГАБС_1	Бухгалтерский счет ПОФР_ГАБС_1	account
FB	ACCOUNTS	ПОФР_ГРБС5_1	ПОФР_ГРБС5_1	Бухгалтерский счет ПОФР_ГРБС5_1	account
FB	ACCOUNTS	ПОФР_ГРБС5_2	ПОФР_ГРБС5_2	Бухгалтерский счет ПОФР_ГРБС5_2	account
FB	ACCOUNTS	ПОФР_УТВ_ГРБС_1	ПОФР_УТВ_ГРБС_1	Бухгалтерский счет ПОФР_УТВ_ГРБС_1	account
FB	ACCOUNTS	ПОФР_УТВ_ГРБС_2	ПОФР_УТВ_ГРБС_2	Бухгалтерский счет ПОФР_УТВ_ГРБС_2	account
FB	ACCOUNTS	РСЧ_ВЫБ_ДЕБ	РСЧ_ВЫБ_ДЕБ	Бухгалтерский счет РСЧ_ВЫБ_ДЕБ	account
FB	ACCOUNTS	РСЧ_ВЫБ_КРД	РСЧ_ВЫБ_КРД	Бухгалтерский счет РСЧ_ВЫБ_КРД	account
FB	ACCOUNTS	РСЧ_ПОСТ_ДЕБ_Р	РСЧ_ПОСТ_ДЕБ_Р	Бухгалтерский счет РСЧ_ПОСТ_ДЕБ_Р	account
FB	ACCOUNTS	РСЧ_ПОСТ_КРД_В	РСЧ_ПОСТ_КРД_В	Бухгалтерский счет РСЧ_ПОСТ_КРД_В	account
FB	ACCOUNTS	СРЕД	СРЕД	Бухгалтерский счет СРЕД	account
FB	ACCOUNTS	СРЕД_1	СРЕД_1	Бухгалтерский счет СРЕД_1	account
FB	ACCOUNTS	СРЕД_АКР_1	СРЕД_АКР_1	Бухгалтерский счет СРЕД_АКР_1	account
FB	ACCOUNTS	СРЕД_ЕКС_ВАЛ_Н	СРЕД_ЕКС_ВАЛ_Н	Бухгалтерский счет СРЕД_ЕКС_ВАЛ_Н	account
FB	ACCOUNTS	СРЕД_ЕКС_КУ	СРЕД_ЕКС_КУ	Бухгалтерский счет СРЕД_ЕКС_КУ	account
FB	ACCOUNTS	СС_БАЛ_ВАЛ	СС_БАЛ_ВАЛ	Бухгалтерский счет СС_БАЛ_ВАЛ	account
FB	BUDGETS	99010001	99010001	Бюджет 99010001	budgetCode
FB	CONTOUR_CODES	1	1	Контур 1	contourCode
FB	CURRENCY	643	643	Валюта 643	currencyCode
FB	CURRENCY	840	840	Валюта 840	currencyCode
FB	DOCUMENTS	0000000002	0000000002	Документ 0000000002	documentId
FB	DOCUMENTS	0000000004	0000000004	Документ 0000000004	documentId
FB	DOCUMENTS	0000000005	0000000005	Документ 0000000005	documentId
FB	DOCUMENTS	0000000006	0000000006	Документ 0000000006	documentId
FB	DOCUMENTS	0000000008	0000000008	Документ 0000000008	documentId
FB	DOCUMENTS	0000000009	0000000009	Документ 0000000009	documentId
FB	DOCUMENTS	0000000010	0000000010	Документ 0000000010	documentId
FB	DOCUMENTS	0000000012	0000000012	Документ 0000000012	documentId
FB	DOCUMENTS	0000000013	0000000013	Документ 0000000013	documentId
FB	DOCUMENTS	0000000016	0000000016	Документ 0000000016	documentId
FB	DOCUMENTS	0000000017	0000000017	Документ 0000000017	documentId
FB	DOCUMENTS	0000000018	0000000018	Документ 0000000018	documentId
FB	DOCUMENTS	0000000024	0000000024	Документ 0000000024	documentId
FB	DOCUMENTS	0000000025	0000000025	Документ 0000000025	documentId
FB	DOCUMENTS	0000000026	0000000026	Документ 0000000026	documentId
FB	DOCUMENTS	0000000035	0000000035	Документ 0000000035	documentId
FB	DOCUMENTS	0000000042	0000000042	Документ 0000000042	documentId
FB	DOCUMENTS	0000000043	0000000043	Документ 0000000043	documentId
FB	DOCUMENTS	0000000047	0000000047	Документ 0000000047	documentId
FB	DOCUMENTS	0000000074	0000000074	Документ 0000000074	documentId
FB	DOCUMENTS	0000000076	0000000076	Документ 0000000076	documentId
FB	DOCUMENTS	0000000153	0000000153	Документ 0000000153	documentId
FB	DOCUMENTS	0000000188	0000000188	Документ 0000000188	documentId
FB	DOCUMENTS	0000000190	0000000190	Документ 0000000190	documentId
FB	DOCUMENTS	0000000191	0000000191	Документ 0000000191	documentId
FB	DOCUMENTS	0000000193	0000000193	Документ 0000000193	documentId
FB	DOCUMENTS	0000000239	0000000239	Документ 0000000239	documentId
FB	DOCUMENTS	0000000305	0000000305	Документ 0000000305	documentId
FB	DOCUMENTS	0000000365	0000000365	Документ 0000000365	documentId
FB	DOCUMENTS	0000000379	0000000379	Документ 0000000379	documentId
FB	DOCUMENTS	0000000383	0000000383	Документ 0000000383	documentId
FB	DOCUMENTS	0000000384	0000000384	Документ 0000000384	documentId
FB	DOCUMENTS	0000000386	0000000386	Документ 0000000386	documentId
FB	DOCUMENTS	0000000404	0000000404	Документ 0000000404	documentId
FB	DOCUMENTS	0000000426	0000000426	Документ 0000000426	documentId
FB	DOCUMENTS	0000000483	0000000483	Документ 0000000483	documentId
FB	DOCUMENTS	0000000525	0000000525	Документ 0000000525	documentId
FB	DOCUMENTS	0000000562	0000000562	Документ 0000000562	documentId
FB	DOCUMENTS	0000000568	0000000568	Документ 0000000568	documentId
FB	DOCUMENTS	0000000570	0000000570	Документ 0000000570	documentId
FB	DOCUMENTS	0000000572	0000000572	Документ 0000000572	documentId
FB	DOCUMENTS	0000000574	0000000574	Документ 0000000574	documentId
FB	DOCUMENTS	0000000635	0000000635	Документ 0000000635	documentId
FB	DOCUMENTS	0000000685	0000000685	Документ 0000000685	documentId
FB	DOCUMENTS	0000000724	0000000724	Документ 0000000724	documentId
FB	DOCUMENTS	0000000740	0000000740	Документ 0000000740	documentId
FB	DOCUMENTS	0000000746	0000000746	Документ 0000000746	documentId
FB	DOCUMENTS	0000000750	0000000750	Документ 0000000750	documentId
FB	DOCUMENTS	0000000768	0000000768	Документ 0000000768	documentId
FB	DOCUMENTS	0000000805	0000000805	Документ 0000000805	documentId
FB	DOCUMENTS	0000000850	0000000850	Документ 0000000850	documentId
FB	DOCUMENTS	0000000889	0000000889	Документ 0000000889	documentId
FB	DOCUMENTS	0000000911	0000000911	Документ 0000000911	documentId
FB	DOCUMENTS	0000000918	0000000918	Документ 0000000918	documentId
FB	DOCUMENTS	0000000923	0000000923	Документ 0000000923	documentId
FB	DOCUMENTS	0000000939	0000000939	Документ 0000000939	documentId
FB	DOCUMENTS	0000000961	0000000961	Документ 0000000961	documentId
FB	DOCUMENTS	0000001001	0000001001	Документ 0000001001	documentId
FB	DOCUMENTS	0000001031	0000001031	Документ 0000001031	documentId
FB	DOCUMENTS	0000001034	0000001034	Документ 0000001034	documentId
FB	DOCUMENTS	0000001037	0000001037	Документ 0000001037	documentId
FB	DOCUMENTS	0000001042	0000001042	Документ 0000001042	documentId
FB	DOCUMENTS	0000001051	0000001051	Документ 0000001051	documentId
FB	DOCUMENTS	0000001069	0000001069	Документ 0000001069	documentId
FB	DOCUMENTS	0000001080	0000001080	Документ 0000001080	documentId
FB	DOCUMENTS	0000001082	0000001082	Документ 0000001082	documentId
FB	DOCUMENTS	0000001083	0000001083	Документ 0000001083	documentId
FB	DOCUMENTS	0000001085	0000001085	Документ 0000001085	documentId
FB	DOCUMENTS	0000001128	0000001128	Документ 0000001128	documentId
FB	DOCUMENTS	0000001187	0000001187	Документ 0000001187	documentId
FB	DOCUMENTS	0000001226	0000001226	Документ 0000001226	documentId
FB	DOCUMENTS	0000001234	0000001234	Документ 0000001234	documentId
FB	DOCUMENTS	0000001237	0000001237	Документ 0000001237	documentId
FB	DOCUMENTS	0000001238	0000001238	Документ 0000001238	documentId
FB	DOCUMENTS	0000001276	0000001276	Документ 0000001276	documentId
FB	DOCUMENTS	0000001300	0000001300	Документ 0000001300	documentId
FB	DOCUMENTS	0000001320	0000001320	Документ 0000001320	documentId
FB	DOCUMENTS	0000001321	0000001321	Документ 0000001321	documentId
FB	DOCUMENTS	0000001337	0000001337	Документ 0000001337	documentId
FB	DOCUMENTS	0000001374	0000001374	Документ 0000001374	documentId
FB	DOCUMENTS	0000001383	0000001383	Документ 0000001383	documentId
FB	DOCUMENTS	0000001387	0000001387	Документ 0000001387	documentId
FB	DOCUMENTS	0000001425	0000001425	Документ 0000001425	documentId
FB	DOCUMENTS	0000001462	0000001462	Документ 0000001462	documentId
FB	DOCUMENTS	0000001514	0000001514	Документ 0000001514	documentId
FB	DOCUMENTS	0000001524	0000001524	Документ 0000001524	documentId
FB	DOCUMENTS	0000001527	0000001527	Документ 0000001527	documentId
FB	DOCUMENTS	0000001529	0000001529	Документ 0000001529	documentId
FB	DOCUMENTS	0000001571	0000001571	Документ 0000001571	documentId
FB	DOCUMENTS	0000001609	0000001609	Документ 0000001609	documentId
FB	DOCUMENTS	0000001649	0000001649	Документ 0000001649	documentId
FB	DOCUMENTS	0000001661	0000001661	Документ 0000001661	documentId
FB	DOCUMENTS	0000001664	0000001664	Документ 0000001664	documentId
FB	DOCUMENTS	0000001705	0000001705	Документ 0000001705	documentId
FB	DOCUMENTS	0000001746	0000001746	Документ 0000001746	documentId
FB	DOCUMENTS	0000001785	0000001785	Документ 0000001785	documentId
FB	DOCUMENTS	0000001793	0000001793	Документ 0000001793	documentId
FB	DOCUMENTS	0000001798	0000001798	Документ 0000001798	documentId
FB	DOCUMENTS	0000001814	0000001814	Документ 0000001814	documentId
FB	DOCUMENTS	0000001852	0000001852	Документ 0000001852	documentId
FB	DOCUMENTS	0000001877	0000001877	Документ 0000001877	documentId
FB	DOCUMENTS	0000001881	0000001881	Документ 0000001881	documentId
FB	DOCUMENTS	0000001886	0000001886	Документ 0000001886	documentId
FB	DOCUMENTS	0000001901	0000001901	Документ 0000001901	documentId
FB	DOCUMENTS	0000001906	0000001906	Документ 0000001906	documentId
FB	DOCUMENTS	0000001917	0000001917	Документ 0000001917	documentId
FB	DOCUMENTS	0000001918	0000001918	Документ 0000001918	documentId
FB	DOCUMENTS	0000001919	0000001919	Документ 0000001919	documentId
FB	DOCUMENTS	0000001920	0000001920	Документ 0000001920	documentId
FB	DOCUMENTS	0000001927	0000001927	Документ 0000001927	documentId
FB	DOCUMENTS	0000001941	0000001941	Документ 0000001941	documentId
FB	DOCUMENTS	0000001944	0000001944	Документ 0000001944	documentId
FB	DOCUMENTS	0000001945	0000001945	Документ 0000001945	documentId
FB	DOCUMENTS	0000001980	0000001980	Документ 0000001980	documentId
FB	DOCUMENTS	0000001992	0000001992	Документ 0000001992	documentId
FB	DOCUMENTS	0000001993	0000001993	Документ 0000001993	documentId
FB	DOCUMENTS	0000002022	0000002022	Документ 0000002022	documentId
FB	DOCUMENTS	0000002031	0000002031	Документ 0000002031	documentId
FB	DOCUMENTS	0000002034	0000002034	Документ 0000002034	documentId
FB	DOCUMENTS	0000002037	0000002037	Документ 0000002037	documentId
FB	DOCUMENTS	0000002040	0000002040	Документ 0000002040	documentId
FB	DOCUMENTS	0000002077	0000002077	Документ 0000002077	documentId
FB	DOCUMENTS	0000002096	0000002096	Документ 0000002096	documentId
FB	DOCUMENTS	0000002097	0000002097	Документ 0000002097	documentId
FB	DOCUMENTS	0000002098	0000002098	Документ 0000002098	documentId
FB	DOCUMENTS	0000002111	0000002111	Документ 0000002111	documentId
FB	DOCUMENTS	0000002112	0000002112	Документ 0000002112	documentId
FB	DOCUMENTS	0000002113	0000002113	Документ 0000002113	documentId
FB	DOCUMENTS	0000002114	0000002114	Документ 0000002114	documentId
FB	DOCUMENTS	0000002115	0000002115	Документ 0000002115	documentId
FB	DOCUMENTS	0000002116	0000002116	Документ 0000002116	documentId
FB	DOCUMENTS	0000002117	0000002117	Документ 0000002117	documentId
FB	DOCUMENTS	0000002118	0000002118	Документ 0000002118	documentId
FB	DOCUMENTS	0000002119	0000002119	Документ 0000002119	documentId
FB	DOCUMENTS	0000002122	0000002122	Документ 0000002122	documentId
FB	DOCUMENTS	0000002123	0000002123	Документ 0000002123	documentId
FB	DOCUMENTS	0000002124	0000002124	Документ 0000002124	documentId
FB	DOCUMENTS	0000002125	0000002125	Документ 0000002125	documentId
FB	DOCUMENTS	0000002126	0000002126	Документ 0000002126	documentId
FB	DOCUMENTS	0000002127	0000002127	Документ 0000002127	documentId
FB	DOCUMENTS	0000002128	0000002128	Документ 0000002128	documentId
FB	DOCUMENTS	0000002129	0000002129	Документ 0000002129	documentId
FB	DOCUMENTS	0000002130	0000002130	Документ 0000002130	documentId
FB	DOCUMENTS	0000002131	0000002131	Документ 0000002131	documentId
FB	DOCUMENTS	0000002132	0000002132	Документ 0000002132	documentId
FB	DOCUMENTS	0000002133	0000002133	Документ 0000002133	documentId
FB	DOCUMENTS	0000002134	0000002134	Документ 0000002134	documentId
FB	DOCUMENTS	0000002135	0000002135	Документ 0000002135	documentId
FB	DOCUMENTS	0000002136	0000002136	Документ 0000002136	documentId
FB	DOCUMENTS	0000002137	0000002137	Документ 0000002137	documentId
FB	DOCUMENTS	0000002138	0000002138	Документ 0000002138	documentId
FB	DOCUMENTS	0000002139	0000002139	Документ 0000002139	documentId
FB	DOCUMENTS	0000002140	0000002140	Документ 0000002140	documentId
FB	DOCUMENTS	0000002141	0000002141	Документ 0000002141	documentId
FB	DOCUMENTS	0000002142	0000002142	Документ 0000002142	documentId
FB	DOCUMENTS	0000002145	0000002145	Документ 0000002145	documentId
FB	DOCUMENTS	0000002146	0000002146	Документ 0000002146	documentId
FB	DOCUMENTS	0000002147	0000002147	Документ 0000002147	documentId
FB	DOCUMENTS	0000002148	0000002148	Документ 0000002148	documentId
FB	DOCUMENTS	0000002149	0000002149	Документ 0000002149	documentId
FB	DOCUMENTS	0000002150	0000002150	Документ 0000002150	documentId
FB	DOCUMENTS	0000002151	0000002151	Документ 0000002151	documentId
FB	DOCUMENTS	0000002152	0000002152	Документ 0000002152	documentId
FB	DOCUMENTS	0000002153	0000002153	Документ 0000002153	documentId
FB	DOCUMENTS	0000002154	0000002154	Документ 0000002154	documentId
FB	DOCUMENTS	0000002155	0000002155	Документ 0000002155	documentId
FB	DOCUMENTS	0000002156	0000002156	Документ 0000002156	documentId
FB	DOCUMENTS	0000002157	0000002157	Документ 0000002157	documentId
FB	DOCUMENTS	0000002158	0000002158	Документ 0000002158	documentId
FB	DOCUMENTS	0000002159	0000002159	Документ 0000002159	documentId
FB	DOCUMENTS	0000002160	0000002160	Документ 0000002160	documentId
FB	DOCUMENTS	0000002161	0000002161	Документ 0000002161	documentId
FB	DOCUMENTS	0000002162	0000002162	Документ 0000002162	documentId
FB	DOCUMENTS	0000002163	0000002163	Документ 0000002163	documentId
FB	DOCUMENTS	0000002164	0000002164	Документ 0000002164	documentId
FB	DOCUMENTS	0000002165	0000002165	Документ 0000002165	documentId
FB	DOCUMENTS	0000002168	0000002168	Документ 0000002168	documentId
FB	DOCUMENTS	0000002169	0000002169	Документ 0000002169	documentId
FB	DOCUMENTS	0000002170	0000002170	Документ 0000002170	documentId
FB	DOCUMENTS	0000002171	0000002171	Документ 0000002171	documentId
FB	DOCUMENTS	0000002172	0000002172	Документ 0000002172	documentId
FB	DOCUMENTS	0000002173	0000002173	Документ 0000002173	documentId
FB	DOCUMENTS	0000002174	0000002174	Документ 0000002174	documentId
FB	DOCUMENTS	0000002175	0000002175	Документ 0000002175	documentId
FB	DOCUMENTS	0000002176	0000002176	Документ 0000002176	documentId
FB	DOCUMENTS	0000002177	0000002177	Документ 0000002177	documentId
FB	DOCUMENTS	0000002178	0000002178	Документ 0000002178	documentId
FB	DOCUMENTS	0000002179	0000002179	Документ 0000002179	documentId
FB	DOCUMENTS	0000002180	0000002180	Документ 0000002180	documentId
FB	DOCUMENTS	0000002181	0000002181	Документ 0000002181	documentId
FB	DOCUMENTS	0000002182	0000002182	Документ 0000002182	documentId
FB	DOCUMENTS	0000002183	0000002183	Документ 0000002183	documentId
FB	DOCUMENTS	0000002184	0000002184	Документ 0000002184	documentId
FB	DOCUMENTS	0000002185	0000002185	Документ 0000002185	documentId
FB	DOCUMENTS	0000002188	0000002188	Документ 0000002188	documentId
FB	DOCUMENTS	0000002189	0000002189	Документ 0000002189	documentId
FB	DOCUMENTS	0000002190	0000002190	Документ 0000002190	documentId
FB	DOCUMENTS	0000002191	0000002191	Документ 0000002191	documentId
FB	DOCUMENTS	0000002192	0000002192	Документ 0000002192	documentId
FB	DOCUMENTS	0000002193	0000002193	Документ 0000002193	documentId
FB	DOCUMENTS	0000002194	0000002194	Документ 0000002194	documentId
FB	DOCUMENTS	0000002195	0000002195	Документ 0000002195	documentId
FB	DOCUMENTS	0000002196	0000002196	Документ 0000002196	documentId
FB	DOCUMENTS	0000002197	0000002197	Документ 0000002197	documentId
FB	DOCUMENTS	0000002198	0000002198	Документ 0000002198	documentId
FB	DOCUMENTS	0000002199	0000002199	Документ 0000002199	documentId
FB	DOCUMENTS	0000002200	0000002200	Документ 0000002200	documentId
FB	DOCUMENTS	0000002201	0000002201	Документ 0000002201	documentId
FB	DOCUMENTS	0000002202	0000002202	Документ 0000002202	documentId
FB	DOCUMENTS	0000002203	0000002203	Документ 0000002203	documentId
FB	DOCUMENTS	0000002204	0000002204	Документ 0000002204	documentId
FB	DOCUMENTS	0000002205	0000002205	Документ 0000002205	documentId
FB	DOCUMENTS	0000002206	0000002206	Документ 0000002206	documentId
FB	DOCUMENTS	0000002207	0000002207	Документ 0000002207	documentId
FB	DOCUMENTS	0000002209	0000002209	Документ 0000002209	documentId
FB	DOCUMENTS	0000002210	0000002210	Документ 0000002210	documentId
FB	DOCUMENTS	0000002211	0000002211	Документ 0000002211	documentId
FB	DOCUMENTS	0000002212	0000002212	Документ 0000002212	documentId
FB	DOCUMENTS	0000002213	0000002213	Документ 0000002213	documentId
FB	DOCUMENTS	0000002214	0000002214	Документ 0000002214	documentId
FB	DOCUMENTS	0000002215	0000002215	Документ 0000002215	documentId
FB	DOCUMENTS	0000002216	0000002216	Документ 0000002216	documentId
FB	DOCUMENTS	0000002217	0000002217	Документ 0000002217	documentId
FB	DOCUMENTS	0000002218	0000002218	Документ 0000002218	documentId
FB	DOCUMENTS	0000002219	0000002219	Документ 0000002219	documentId
FB	DOCUMENTS	0000002220	0000002220	Документ 0000002220	documentId
FB	DOCUMENTS	0000002221	0000002221	Документ 0000002221	documentId
FB	DOCUMENTS	0000002222	0000002222	Документ 0000002222	documentId
FB	DOCUMENTS	0000002223	0000002223	Документ 0000002223	documentId
FB	DOCUMENTS	0000002224	0000002224	Документ 0000002224	documentId
FB	DOCUMENTS	0000002225	0000002225	Документ 0000002225	documentId
FB	DOCUMENTS	0000002226	0000002226	Документ 0000002226	documentId
FB	DOCUMENTS	0000002227	0000002227	Документ 0000002227	documentId
FB	DOCUMENTS	0000002228	0000002228	Документ 0000002228	documentId
FB	DOCUMENTS	0000002229	0000002229	Документ 0000002229	documentId
FB	DOCUMENTS	0000002230	0000002230	Документ 0000002230	documentId
FB	DOCUMENTS	0000002233	0000002233	Документ 0000002233	documentId
FB	DOCUMENTS	0000002234	0000002234	Документ 0000002234	documentId
FB	DOCUMENTS	0000002235	0000002235	Документ 0000002235	documentId
FB	DOCUMENTS	0000002236	0000002236	Документ 0000002236	documentId
FB	DOCUMENTS	0000002237	0000002237	Документ 0000002237	documentId
FB	DOCUMENTS	0000002238	0000002238	Документ 0000002238	documentId
FB	DOCUMENTS	0000002239	0000002239	Документ 0000002239	documentId
FB	DOCUMENTS	0000002240	0000002240	Документ 0000002240	documentId
FB	DOCUMENTS	0000002241	0000002241	Документ 0000002241	documentId
FB	DOCUMENTS	0000002242	0000002242	Документ 0000002242	documentId
FB	DOCUMENTS	0000002243	0000002243	Документ 0000002243	documentId
FB	DOCUMENTS	0000002244	0000002244	Документ 0000002244	documentId
FB	DOCUMENTS	0000002245	0000002245	Документ 0000002245	documentId
FB	DOCUMENTS	0000002246	0000002246	Документ 0000002246	documentId
FB	DOCUMENTS	0000002247	0000002247	Документ 0000002247	documentId
FB	DOCUMENTS	0000002248	0000002248	Документ 0000002248	documentId
FB	DOCUMENTS	0000002249	0000002249	Документ 0000002249	documentId
FB	DOCUMENTS	0000002250	0000002250	Документ 0000002250	documentId
FB	DOCUMENTS	0000002251	0000002251	Документ 0000002251	documentId
FB	DOCUMENTS	0000002252	0000002252	Документ 0000002252	documentId
FB	DOCUMENTS	0000002253	0000002253	Документ 0000002253	documentId
FB	DOCUMENTS	0000002254	0000002254	Документ 0000002254	documentId
FB	DOCUMENTS	0000002255	0000002255	Документ 0000002255	documentId
FB	DOCUMENTS	0000002256	0000002256	Документ 0000002256	documentId
FB	DOCUMENTS	0000002257	0000002257	Документ 0000002257	documentId
FB	DOCUMENTS	0000002259	0000002259	Документ 0000002259	documentId
FB	DOCUMENTS	0000002260	0000002260	Документ 0000002260	documentId
FB	DOCUMENTS	0000002261	0000002261	Документ 0000002261	documentId
FB	DOCUMENTS	0000002262	0000002262	Документ 0000002262	documentId
FB	DOCUMENTS	0000002263	0000002263	Документ 0000002263	documentId
FB	DOCUMENTS	0000002264	0000002264	Документ 0000002264	documentId
FB	DOCUMENTS	0000002265	0000002265	Документ 0000002265	documentId
FB	DOCUMENTS	0000002266	0000002266	Документ 0000002266	documentId
FB	DOCUMENTS	0000002267	0000002267	Документ 0000002267	documentId
FB	DOCUMENTS	0000002268	0000002268	Документ 0000002268	documentId
FB	DOCUMENTS	0000002269	0000002269	Документ 0000002269	documentId
FB	DOCUMENTS	0000002270	0000002270	Документ 0000002270	documentId
FB	DOCUMENTS	0000002271	0000002271	Документ 0000002271	documentId
FB	DOCUMENTS	0000002272	0000002272	Документ 0000002272	documentId
FB	DOCUMENTS	0000002273	0000002273	Документ 0000002273	documentId
FB	DOCUMENTS	0000002274	0000002274	Документ 0000002274	documentId
FB	DOCUMENTS	0000002275	0000002275	Документ 0000002275	documentId
FB	DOCUMENTS	0000002276	0000002276	Документ 0000002276	documentId
FB	DOCUMENTS	0000002277	0000002277	Документ 0000002277	documentId
FB	DOCUMENTS	0000002278	0000002278	Документ 0000002278	documentId
FB	DOCUMENTS	0000002279	0000002279	Документ 0000002279	documentId
FB	DOCUMENTS	0000002280	0000002280	Документ 0000002280	documentId
FB	DOCUMENTS	0000002281	0000002281	Документ 0000002281	documentId
FB	DOCUMENTS	0000002282	0000002282	Документ 0000002282	documentId
FB	DOCUMENTS	0000002283	0000002283	Документ 0000002283	documentId
FB	DOCUMENTS	0000002284	0000002284	Документ 0000002284	documentId
FB	DOCUMENTS	0000002285	0000002285	Документ 0000002285	documentId
FB	DOCUMENTS	0000002286	0000002286	Документ 0000002286	documentId
FB	DOCUMENTS	0000002287	0000002287	Документ 0000002287	documentId
FB	DOCUMENTS	0000002288	0000002288	Документ 0000002288	documentId
FB	DOCUMENTS	0000002289	0000002289	Документ 0000002289	documentId
FB	DOCUMENTS	0000002290	0000002290	Документ 0000002290	documentId
FB	DOCUMENTS	0000002291	0000002291	Документ 0000002291	documentId
FB	DOCUMENTS	0000002292	0000002292	Документ 0000002292	documentId
FB	DOCUMENTS	0000002293	0000002293	Документ 0000002293	documentId
FB	DOCUMENTS	0000002294	0000002294	Документ 0000002294	documentId
FB	DOCUMENTS	0000002295	0000002295	Документ 0000002295	documentId
FB	DOCUMENTS	0000002296	0000002296	Документ 0000002296	documentId
FB	DOCUMENTS	0000002297	0000002297	Документ 0000002297	documentId
FB	DOCUMENTS	0000002300	0000002300	Документ 0000002300	documentId
FB	DOCUMENTS	0000002301	0000002301	Документ 0000002301	documentId
FB	DOCUMENTS	0000002302	0000002302	Документ 0000002302	documentId
FB	DOCUMENTS	0000002303	0000002303	Документ 0000002303	documentId
FB	DOCUMENTS	0000002304	0000002304	Документ 0000002304	documentId
FB	DOCUMENTS	0000002305	0000002305	Документ 0000002305	documentId
FB	DOCUMENTS	0000002306	0000002306	Документ 0000002306	documentId
FB	DOCUMENTS	0000002307	0000002307	Документ 0000002307	documentId
FB	DOCUMENTS	0000002308	0000002308	Документ 0000002308	documentId
FB	DOCUMENTS	0000002309	0000002309	Документ 0000002309	documentId
FB	DOCUMENTS	0000002310	0000002310	Документ 0000002310	documentId
FB	DOCUMENTS	0000002311	0000002311	Документ 0000002311	documentId
FB	DOCUMENTS	0000002312	0000002312	Документ 0000002312	documentId
FB	DOCUMENTS	0000002313	0000002313	Документ 0000002313	documentId
FB	DOCUMENTS	0000002314	0000002314	Документ 0000002314	documentId
FB	DOCUMENTS	0000002315	0000002315	Документ 0000002315	documentId
FB	DOCUMENTS	0000002316	0000002316	Документ 0000002316	documentId
FB	DOCUMENTS	0000002317	0000002317	Документ 0000002317	documentId
FB	DOCUMENTS	0000002318	0000002318	Документ 0000002318	documentId
FB	DOCUMENTS	0000002319	0000002319	Документ 0000002319	documentId
FB	DOCUMENTS	0000002320	0000002320	Документ 0000002320	documentId
FB	DOCUMENTS	0000002321	0000002321	Документ 0000002321	documentId
FB	DOCUMENTS	0000002322	0000002322	Документ 0000002322	documentId
FB	DOCUMENTS	0000002323	0000002323	Документ 0000002323	documentId
FB	DOCUMENTS	0000002324	0000002324	Документ 0000002324	documentId
FB	DOCUMENTS	0000002325	0000002325	Документ 0000002325	documentId
FB	DOCUMENTS	0000002326	0000002326	Документ 0000002326	documentId
FB	DOCUMENTS	0000002327	0000002327	Документ 0000002327	documentId
FB	DOCUMENTS	0000002345	0000002345	Документ 0000002345	documentId
FB	DOCUMENTS	0000002357	0000002357	Документ 0000002357	documentId
FB	DOCUMENTS	0000002359	0000002359	Документ 0000002359	documentId
FB	DOCUMENTS	0000002379	0000002379	Документ 0000002379	documentId
FB	DOCUMENTS	0000002417	0000002417	Документ 0000002417	documentId
FB	DOCUMENTS	0000002440	0000002440	Документ 0000002440	documentId
FB	DOCUMENTS	0000002454	0000002454	Документ 0000002454	documentId
FB	DOCUMENTS	0000002456	0000002456	Документ 0000002456	documentId
FB	DOCUMENTS	0000002486	0000002486	Документ 0000002486	documentId
FB	DOCUMENTS	0000002491	0000002491	Документ 0000002491	documentId
FB	DOCUMENTS	0000002511	0000002511	Документ 0000002511	documentId
FB	DOCUMENTS	0000002522	0000002522	Документ 0000002522	documentId
FB	DOCUMENTS	0000002523	0000002523	Документ 0000002523	documentId
FB	DOCUMENTS	0000002524	0000002524	Документ 0000002524	documentId
FB	DOCUMENTS	0000002525	0000002525	Документ 0000002525	documentId
FB	DOCUMENTS	0000002526	0000002526	Документ 0000002526	documentId
FB	DOCUMENTS	0000002530	0000002530	Документ 0000002530	documentId
FB	DOCUMENTS	0000002534	0000002534	Документ 0000002534	documentId
FB	DOCUMENTS	0000002544	0000002544	Документ 0000002544	documentId
FB	DOCUMENTS	0000002545	0000002545	Документ 0000002545	documentId
FB	DOCUMENTS	0000002549	0000002549	Документ 0000002549	documentId
FB	DOCUMENTS	0000002563	0000002563	Документ 0000002563	documentId
FB	DOCUMENTS	0000002588	0000002588	Документ 0000002588	documentId
FB	DOCUMENTS	0000002591	0000002591	Документ 0000002591	documentId
FB	DOCUMENTS	0000002618	0000002618	Документ 0000002618	documentId
FB	DOCUMENTS	0000002626	0000002626	Документ 0000002626	documentId
FB	DOCUMENTS	0000002629	0000002629	Документ 0000002629	documentId
FB	DOCUMENTS	0000002630	0000002630	Документ 0000002630	documentId
FB	DOCUMENTS	0000002632	0000002632	Документ 0000002632	documentId
FB	DOCUMENTS	0000002639	0000002639	Документ 0000002639	documentId
FB	DOCUMENTS	0000002640	0000002640	Документ 0000002640	documentId
FB	DOCUMENTS	0000002675	0000002675	Документ 0000002675	documentId
FB	DOCUMENTS	0000002676	0000002676	Документ 0000002676	documentId
FB	DOCUMENTS	0000002677	0000002677	Документ 0000002677	documentId
FB	DOCUMENTS	0000002699	0000002699	Документ 0000002699	documentId
FB	DOCUMENTS	0000002702	0000002702	Документ 0000002702	documentId
FB	DOCUMENTS	0000002709	0000002709	Документ 0000002709	documentId
FB	DOCUMENTS	0000002712	0000002712	Документ 0000002712	documentId
FB	DOCUMENTS	0000002732	0000002732	Документ 0000002732	documentId
FB	DOCUMENTS	0000002733	0000002733	Документ 0000002733	documentId
FB	DOCUMENTS	0000002734	0000002734	Документ 0000002734	documentId
FB	DOCUMENTS	0000002751	0000002751	Документ 0000002751	documentId
FB	DOCUMENTS	0000002776	0000002776	Документ 0000002776	documentId
FB	DOCUMENTS	0000002783	0000002783	Документ 0000002783	documentId
FB	DOCUMENTS	0000002784	0000002784	Документ 0000002784	documentId
FB	DOCUMENTS	0000002787	0000002787	Документ 0000002787	documentId
FB	DOCUMENTS	0000002794	0000002794	Документ 0000002794	documentId
FB	DOCUMENTS	0000002795	0000002795	Документ 0000002795	documentId
FB	DOCUMENTS	0000002796	0000002796	Документ 0000002796	documentId
FB	DOCUMENTS	0000002797	0000002797	Документ 0000002797	documentId
FB	DOCUMENTS	0000002822	0000002822	Документ 0000002822	documentId
FB	DOCUMENTS	0000002844	0000002844	Документ 0000002844	documentId
FB	DOCUMENTS	0000002854	0000002854	Документ 0000002854	documentId
FB	DOCUMENTS	0000002855	0000002855	Документ 0000002855	documentId
FB	DOCUMENTS	0000002889	0000002889	Документ 0000002889	documentId
FB	DOCUMENTS	0000002907	0000002907	Документ 0000002907	documentId
FB	DOCUMENTS	0000002920	0000002920	Документ 0000002920	documentId
FB	DOCUMENTS	0000002921	0000002921	Документ 0000002921	documentId
FB	DOCUMENTS	0000002938	0000002938	Документ 0000002938	documentId
FB	DOCUMENTS	0000002970	0000002970	Документ 0000002970	documentId
FB	DOCUMENTS	0000002982	0000002982	Документ 0000002982	documentId
FB	DOCUMENTS	0000002984	0000002984	Документ 0000002984	documentId
FB	DOCUMENTS	0000003022	0000003022	Документ 0000003022	documentId
FB	DOCUMENTS	0000003039	0000003039	Документ 0000003039	documentId
FB	DOCUMENTS	0000003040	0000003040	Документ 0000003040	documentId
FB	DOCUMENTS	0000003041	0000003041	Документ 0000003041	documentId
FB	DOCUMENTS	0000003052	0000003052	Документ 0000003052	documentId
FB	DOCUMENTS	0000003061	0000003061	Документ 0000003061	documentId
FB	DOCUMENTS	0000003066	0000003066	Документ 0000003066	documentId
FB	DOCUMENTS	0000003069	0000003069	Документ 0000003069	documentId
FB	DOCUMENTS	0000003072	0000003072	Документ 0000003072	documentId
FB	DOCUMENTS	0000003075	0000003075	Документ 0000003075	documentId
FB	DOCUMENTS	0000003077	0000003077	Документ 0000003077	documentId
FB	DOCUMENTS	0000003093	0000003093	Документ 0000003093	documentId
FB	DOCUMENTS	0000003094	0000003094	Документ 0000003094	documentId
FB	DOCUMENTS	0000003097	0000003097	Документ 0000003097	documentId
FB	DOCUMENTS	0000003112	0000003112	Документ 0000003112	documentId
FB	DOCUMENTS	0000003117	0000003117	Документ 0000003117	documentId
FB	DOCUMENTS	0000003129	0000003129	Документ 0000003129	documentId
FB	DOCUMENTS	0000003131	0000003131	Документ 0000003131	documentId
FB	DOCUMENTS	0000003132	0000003132	Документ 0000003132	documentId
FB	DOCUMENTS	0000003137	0000003137	Документ 0000003137	documentId
FB	DOCUMENTS	0000003138	0000003138	Документ 0000003138	documentId
FB	DOCUMENTS	0000003146	0000003146	Документ 0000003146	documentId
FB	DOCUMENTS	0000003149	0000003149	Документ 0000003149	documentId
FB	DOCUMENTS	0000003150	0000003150	Документ 0000003150	documentId
FB	DOCUMENTS	0000003155	0000003155	Документ 0000003155	documentId
FB	DOCUMENTS	0000003156	0000003156	Документ 0000003156	documentId
FB	DOCUMENTS	0000003157	0000003157	Документ 0000003157	documentId
FB	DOCUMENTS	0000003158	0000003158	Документ 0000003158	documentId
FB	DOCUMENTS	0000003162	0000003162	Документ 0000003162	documentId
FB	DOCUMENTS	0000003180	0000003180	Документ 0000003180	documentId
FB	DOCUMENTS	0000003181	0000003181	Документ 0000003181	documentId
FB	DOCUMENTS	0000003182	0000003182	Документ 0000003182	documentId
FB	DOCUMENTS	0000003191	0000003191	Документ 0000003191	documentId
FB	DOCUMENTS	0000003192	0000003192	Документ 0000003192	documentId
FB	DOCUMENTS	0000003193	0000003193	Документ 0000003193	documentId
FB	DOCUMENTS	0000003209	0000003209	Документ 0000003209	documentId
FB	DOCUMENTS	0000003234	0000003234	Документ 0000003234	documentId
FB	DOCUMENTS	0000003235	0000003235	Документ 0000003235	documentId
FB	DOCUMENTS	0000003236	0000003236	Документ 0000003236	documentId
FB	DOCUMENTS	0000003237	0000003237	Документ 0000003237	documentId
FB	DOCUMENTS	0000003242	0000003242	Документ 0000003242	documentId
FB	DOCUMENTS	0000003261	0000003261	Документ 0000003261	documentId
FB	DOCUMENTS	0000003279	0000003279	Документ 0000003279	documentId
FB	DOCUMENTS	0000003314	0000003314	Документ 0000003314	documentId
FB	DOCUMENTS	0000003316	0000003316	Документ 0000003316	documentId
FB	DOCUMENTS	0000003352	0000003352	Документ 0000003352	documentId
FB	DOCUMENTS	0000003354	0000003354	Документ 0000003354	documentId
FB	DOCUMENTS	0000003374	0000003374	Документ 0000003374	documentId
FB	DOCUMENTS	0000003376	0000003376	Документ 0000003376	documentId
FB	DOCUMENTS	0000003377	0000003377	Документ 0000003377	documentId
FB	DOCUMENTS	0000003378	0000003378	Документ 0000003378	documentId
FB	DOCUMENTS	0000003379	0000003379	Документ 0000003379	documentId
FB	DOCUMENTS	0000003384	0000003384	Документ 0000003384	documentId
FB	DOCUMENTS	0000003385	0000003385	Документ 0000003385	documentId
FB	DOCUMENTS	0000003388	0000003388	Документ 0000003388	documentId
FB	DOCUMENTS	0000003389	0000003389	Документ 0000003389	documentId
FB	DOCUMENTS	0000003391	0000003391	Документ 0000003391	documentId
FB	DOCUMENTS	0000003392	0000003392	Документ 0000003392	documentId
FB	DOCUMENTS	0000003393	0000003393	Документ 0000003393	documentId
FB	DOCUMENTS	0000003394	0000003394	Документ 0000003394	documentId
FB	DOCUMENTS	0000003395	0000003395	Документ 0000003395	documentId
FB	DOCUMENTS	0000003396	0000003396	Документ 0000003396	documentId
FB	DOCUMENTS	0000003407	0000003407	Документ 0000003407	documentId
FB	DOCUMENTS	0000003422	0000003422	Документ 0000003422	documentId
FB	DOCUMENTS	0000003423	0000003423	Документ 0000003423	documentId
FB	DOCUMENTS	0000003439	0000003439	Документ 0000003439	documentId
FB	DOCUMENTS	0000003453	0000003453	Документ 0000003453	documentId
FB	DOCUMENTS	0000003454	0000003454	Документ 0000003454	documentId
FB	DOCUMENTS	0000003468	0000003468	Документ 0000003468	documentId
FB	DOCUMENTS	0000003481	0000003481	Документ 0000003481	documentId
FB	DOCUMENTS	0000003482	0000003482	Документ 0000003482	documentId
FB	DOCUMENTS	0000003495	0000003495	Документ 0000003495	documentId
FB	DOCUMENTS	0000003506	0000003506	Документ 0000003506	documentId
FB	DOCUMENTS	0000003508	0000003508	Документ 0000003508	documentId
FB	DOCUMENTS	0000003518	0000003518	Документ 0000003518	documentId
FB	DOCUMENTS	0000003526	0000003526	Документ 0000003526	documentId
FB	DOCUMENTS	0000003527	0000003527	Документ 0000003527	documentId
FB	DOCUMENTS	0000003528	0000003528	Документ 0000003528	documentId
FB	DOCUMENTS	0000003529	0000003529	Документ 0000003529	documentId
FB	DOCUMENTS	0000003548	0000003548	Документ 0000003548	documentId
FB	DOCUMENTS	0000003566	0000003566	Документ 0000003566	documentId
FB	DOCUMENTS	0000003579	0000003579	Документ 0000003579	documentId
FB	DOCUMENTS	0000003580	0000003580	Документ 0000003580	documentId
FB	DOCUMENTS	0000003583	0000003583	Документ 0000003583	documentId
FB	DOCUMENTS	0000003599	0000003599	Документ 0000003599	documentId
FB	DOCUMENTS	0000003616	0000003616	Документ 0000003616	documentId
FB	DOCUMENTS	0000003628	0000003628	Документ 0000003628	documentId
FB	DOCUMENTS	0000003641	0000003641	Документ 0000003641	documentId
FB	DOCUMENTS	0000003654	0000003654	Документ 0000003654	documentId
FB	DOCUMENTS	0000003665	0000003665	Документ 0000003665	documentId
FB	DOCUMENTS	0000003674	0000003674	Документ 0000003674	documentId
FB	DOCUMENTS	0000003684	0000003684	Документ 0000003684	documentId
FB	DOCUMENTS	0000003691	0000003691	Документ 0000003691	documentId
FB	DOCUMENTS	0000003699	0000003699	Документ 0000003699	documentId
FB	DOCUMENTS	0000003704	0000003704	Документ 0000003704	documentId
FB	DOCUMENTS	0000003709	0000003709	Документ 0000003709	documentId
FB	DOCUMENTS	0000003714	0000003714	Документ 0000003714	documentId
FB	DOCUMENTS	0000003716	0000003716	Документ 0000003716	documentId
FB	DOCUMENTS	0000003718	0000003718	Документ 0000003718	documentId
FB	DOCUMENTS	0000003720	0000003720	Документ 0000003720	documentId
FB	DOCUMENTS	0000003721	0000003721	Документ 0000003721	documentId
FB	DOCUMENTS	0000003723	0000003723	Документ 0000003723	documentId
FB	DOCUMENTS	0000003725	0000003725	Документ 0000003725	documentId
FB	DOCUMENTS	0000003726	0000003726	Документ 0000003726	documentId
FB	DOCUMENTS	0000003730	0000003730	Документ 0000003730	documentId
FB	DOCUMENTS	0000003731	0000003731	Документ 0000003731	documentId
FB	DOCUMENTS	0000003733	0000003733	Документ 0000003733	documentId
FB	DOCUMENTS	0000003738	0000003738	Документ 0000003738	documentId
FB	DOCUMENTS	0000003739	0000003739	Документ 0000003739	documentId
FB	DOCUMENTS	0000003740	0000003740	Документ 0000003740	documentId
FB	DOCUMENTS	0000003741	0000003741	Документ 0000003741	documentId
FB	DOCUMENTS	0000003742	0000003742	Документ 0000003742	documentId
FB	DOCUMENTS	0000003743	0000003743	Документ 0000003743	documentId
FB	DOCUMENTS	0000003744	0000003744	Документ 0000003744	documentId
FB	DOCUMENTS	0000003745	0000003745	Документ 0000003745	documentId
FB	DOCUMENTS	0000003746	0000003746	Документ 0000003746	documentId
FB	DOCUMENTS	0000003749	0000003749	Документ 0000003749	documentId
FB	DOCUMENTS	0000003753	0000003753	Документ 0000003753	documentId
FB	DOCUMENTS	0000003755	0000003755	Документ 0000003755	documentId
FB	DOCUMENTS	0000003758	0000003758	Документ 0000003758	documentId
FB	DOCUMENTS	0000003759	0000003759	Документ 0000003759	documentId
FB	DOCUMENTS	0000003761	0000003761	Документ 0000003761	documentId
FB	DOCUMENTS	0000003784	0000003784	Документ 0000003784	documentId
FB	DOCUMENTS	0000003785	0000003785	Документ 0000003785	documentId
FB	DOCUMENTS	0000003787	0000003787	Документ 0000003787	documentId
FB	DOCUMENTS	0000003788	0000003788	Документ 0000003788	documentId
FB	DOCUMENTS	0000003789	0000003789	Документ 0000003789	documentId
FB	DOCUMENTS	0000003790	0000003790	Документ 0000003790	documentId
FB	DOCUMENTS	0000003797	0000003797	Документ 0000003797	documentId
FB	DOCUMENTS	0000003798	0000003798	Документ 0000003798	documentId
FB	DOCUMENTS	0000003801	0000003801	Документ 0000003801	documentId
FB	DOCUMENTS	0000003803	0000003803	Документ 0000003803	documentId
FB	DOCUMENTS	0000003807	0000003807	Документ 0000003807	documentId
FB	DOCUMENTS	0000003808	0000003808	Документ 0000003808	documentId
FB	DOCUMENTS	0000003810	0000003810	Документ 0000003810	documentId
FB	DOCUMENTS	0000003811	0000003811	Документ 0000003811	documentId
FB	DOCUMENTS	0000003817	0000003817	Документ 0000003817	documentId
FB	DOCUMENTS	0000003818	0000003818	Документ 0000003818	documentId
FB	DOCUMENTS	0000003819	0000003819	Документ 0000003819	documentId
FB	DOCUMENTS	0000003820	0000003820	Документ 0000003820	documentId
FB	DOCUMENTS	0000003823	0000003823	Документ 0000003823	documentId
FB	DOCUMENTS	0000003824	0000003824	Документ 0000003824	documentId
FB	DOCUMENTS	0000003825	0000003825	Документ 0000003825	documentId
FB	DOCUMENTS	0000003826	0000003826	Документ 0000003826	documentId
FB	DOCUMENTS	0000003827	0000003827	Документ 0000003827	documentId
FB	DOCUMENTS	0000003828	0000003828	Документ 0000003828	documentId
FB	DOCUMENTS	0000003829	0000003829	Документ 0000003829	documentId
FB	DOCUMENTS	0000003831	0000003831	Документ 0000003831	documentId
FB	DOCUMENTS	0000003834	0000003834	Документ 0000003834	documentId
FB	DOCUMENTS	0000003836	0000003836	Документ 0000003836	documentId
FB	DOCUMENTS	0000003839	0000003839	Документ 0000003839	documentId
FB	DOCUMENTS	0000003846	0000003846	Документ 0000003846	documentId
FB	DOCUMENTS	0000003847	0000003847	Документ 0000003847	documentId
FB	DOCUMENTS	0000003848	0000003848	Документ 0000003848	documentId
FB	DOCUMENTS	0000003849	0000003849	Документ 0000003849	documentId
FB	DOCUMENTS	0000003852	0000003852	Документ 0000003852	documentId
FB	DOCUMENTS	0000003853	0000003853	Документ 0000003853	documentId
FB	DOCUMENTS	0000003854	0000003854	Документ 0000003854	documentId
FB	DOCUMENTS	0000003855	0000003855	Документ 0000003855	documentId
FB	DOCUMENTS	0000003856	0000003856	Документ 0000003856	documentId
FB	DOCUMENTS	0000003857	0000003857	Документ 0000003857	documentId
FB	DOCUMENTS	0000003858	0000003858	Документ 0000003858	documentId
FB	DOCUMENTS	0000003859	0000003859	Документ 0000003859	documentId
FB	DOCUMENTS	0000003860	0000003860	Документ 0000003860	documentId
FB	DOCUMENTS	0000003861	0000003861	Документ 0000003861	documentId
FB	DOCUMENTS	0000003866	0000003866	Документ 0000003866	documentId
FB	DOCUMENTS	0000003868	0000003868	Документ 0000003868	documentId
FB	DOCUMENTS	0000003873	0000003873	Документ 0000003873	documentId
FB	DOCUMENTS	0000003874	0000003874	Документ 0000003874	documentId
FB	DOCUMENTS	0000003875	0000003875	Документ 0000003875	documentId
FB	DOCUMENTS	0000003881	0000003881	Документ 0000003881	documentId
FB	DOCUMENTS	0000003882	0000003882	Документ 0000003882	documentId
FB	DOCUMENTS	0000003884	0000003884	Документ 0000003884	documentId
FB	DOCUMENTS	0000003885	0000003885	Документ 0000003885	documentId
FB	DOCUMENTS	0000003886	0000003886	Документ 0000003886	documentId
FB	DOCUMENTS	0000003887	0000003887	Документ 0000003887	documentId
FB	DOCUMENTS	0000003888	0000003888	Документ 0000003888	documentId
FB	DOCUMENTS	0000003889	0000003889	Документ 0000003889	documentId
FB	DOCUMENTS	0000003890	0000003890	Документ 0000003890	documentId
FB	DOCUMENTS	0000003891	0000003891	Документ 0000003891	documentId
FB	DOCUMENTS	0000003892	0000003892	Документ 0000003892	documentId
FB	DOCUMENTS	0000003893	0000003893	Документ 0000003893	documentId
FB	DOCUMENTS	0000003894	0000003894	Документ 0000003894	documentId
FB	DOCUMENTS	0000003895	0000003895	Документ 0000003895	documentId
FB	DOCUMENTS	0000003896	0000003896	Документ 0000003896	documentId
FB	DOCUMENTS	0000003897	0000003897	Документ 0000003897	documentId
FB	DOCUMENTS	0000003898	0000003898	Документ 0000003898	documentId
FB	DOCUMENTS	0000003899	0000003899	Документ 0000003899	documentId
FB	DOCUMENTS	0000003900	0000003900	Документ 0000003900	documentId
FB	DOCUMENTS	0000003901	0000003901	Документ 0000003901	documentId
FB	DOCUMENTS	0000003902	0000003902	Документ 0000003902	documentId
FB	DOCUMENTS	0000003903	0000003903	Документ 0000003903	documentId
FB	DOCUMENTS	0000003904	0000003904	Документ 0000003904	documentId
FB	DOCUMENTS	0000003905	0000003905	Документ 0000003905	documentId
FB	DOCUMENTS	0000003906	0000003906	Документ 0000003906	documentId
FB	DOCUMENTS	0000003907	0000003907	Документ 0000003907	documentId
FB	DOCUMENTS	0000003908	0000003908	Документ 0000003908	documentId
FB	DOCUMENTS	0000003909	0000003909	Документ 0000003909	documentId
FB	DOCUMENTS	0000003910	0000003910	Документ 0000003910	documentId
FB	DOCUMENTS	0000003911	0000003911	Документ 0000003911	documentId
FB	DOCUMENTS	0000003912	0000003912	Документ 0000003912	documentId
FB	DOCUMENTS	0000003913	0000003913	Документ 0000003913	documentId
FB	DOCUMENTS	0000003914	0000003914	Документ 0000003914	documentId
FB	DOCUMENTS	0000003915	0000003915	Документ 0000003915	documentId
FB	DOCUMENTS	0000003916	0000003916	Документ 0000003916	documentId
FB	DOCUMENTS	0000003917	0000003917	Документ 0000003917	documentId
FB	DOCUMENTS	0000003918	0000003918	Документ 0000003918	documentId
FB	DOCUMENTS	0000003919	0000003919	Документ 0000003919	documentId
FB	DOCUMENTS	0000003920	0000003920	Документ 0000003920	documentId
FB	DOCUMENTS	0000003921	0000003921	Документ 0000003921	documentId
FB	DOCUMENTS	0000003922	0000003922	Документ 0000003922	documentId
FB	DOCUMENTS	0000003923	0000003923	Документ 0000003923	documentId
FB	DOCUMENTS	0000003924	0000003924	Документ 0000003924	documentId
FB	DOCUMENTS	0000003925	0000003925	Документ 0000003925	documentId
FB	DOCUMENTS	0000003926	0000003926	Документ 0000003926	documentId
FB	DOCUMENTS	0000003927	0000003927	Документ 0000003927	documentId
FB	DOCUMENTS	0000003928	0000003928	Документ 0000003928	documentId
FB	DOCUMENTS	0000003929	0000003929	Документ 0000003929	documentId
FB	DOCUMENTS	0000003930	0000003930	Документ 0000003930	documentId
FB	DOCUMENTS	0000003931	0000003931	Документ 0000003931	documentId
FB	DOCUMENTS	0000003932	0000003932	Документ 0000003932	documentId
FB	DOCUMENTS	0000003933	0000003933	Документ 0000003933	documentId
FB	DOCUMENTS	0000003934	0000003934	Документ 0000003934	documentId
FB	DOCUMENTS	0000003935	0000003935	Документ 0000003935	documentId
FB	DOCUMENTS	0000003936	0000003936	Документ 0000003936	documentId
FB	DOCUMENTS	0000003937	0000003937	Документ 0000003937	documentId
FB	DOCUMENTS	0000003938	0000003938	Документ 0000003938	documentId
FB	DOCUMENTS	0000003939	0000003939	Документ 0000003939	documentId
FB	DOCUMENTS	0000003940	0000003940	Документ 0000003940	documentId
FB	DOCUMENTS	0000003941	0000003941	Документ 0000003941	documentId
FB	DOCUMENTS	0000003942	0000003942	Документ 0000003942	documentId
FB	DOCUMENTS	0000003943	0000003943	Документ 0000003943	documentId
FB	DOCUMENTS	0000003944	0000003944	Документ 0000003944	documentId
FB	DOCUMENTS	0000003945	0000003945	Документ 0000003945	documentId
FB	DOCUMENTS	0000003946	0000003946	Документ 0000003946	documentId
FB	DOCUMENTS	0000003947	0000003947	Документ 0000003947	documentId
FB	DOCUMENTS	0000003948	0000003948	Документ 0000003948	documentId
FB	DOCUMENTS	0000003949	0000003949	Документ 0000003949	documentId
FB	DOCUMENTS	0000003950	0000003950	Документ 0000003950	documentId
FB	DOCUMENTS	0000003951	0000003951	Документ 0000003951	documentId
FB	DOCUMENTS	0000003952	0000003952	Документ 0000003952	documentId
FB	DOCUMENTS	0000003953	0000003953	Документ 0000003953	documentId
FB	DOCUMENTS	0000003954	0000003954	Документ 0000003954	documentId
FB	DOCUMENTS	0000003955	0000003955	Документ 0000003955	documentId
FB	DOCUMENTS	0000003956	0000003956	Документ 0000003956	documentId
FB	DOCUMENTS	0000003957	0000003957	Документ 0000003957	documentId
FB	DOCUMENTS	0000003958	0000003958	Документ 0000003958	documentId
FB	DOCUMENTS	0000003959	0000003959	Документ 0000003959	documentId
FB	DOCUMENTS	0000003960	0000003960	Документ 0000003960	documentId
FB	DOCUMENTS	0000003961	0000003961	Документ 0000003961	documentId
FB	DOCUMENTS	0000003962	0000003962	Документ 0000003962	documentId
FB	DOCUMENTS	0000003963	0000003963	Документ 0000003963	documentId
FB	DOCUMENTS	0000003964	0000003964	Документ 0000003964	documentId
FB	DOCUMENTS	0000003965	0000003965	Документ 0000003965	documentId
FB	DOCUMENTS	0000003966	0000003966	Документ 0000003966	documentId
FB	DOCUMENTS	0000003967	0000003967	Документ 0000003967	documentId
FB	DOCUMENTS	0000003968	0000003968	Документ 0000003968	documentId
FB	DOCUMENTS	0000003969	0000003969	Документ 0000003969	documentId
FB	DOCUMENTS	0000003970	0000003970	Документ 0000003970	documentId
FB	DOCUMENTS	0000003971	0000003971	Документ 0000003971	documentId
FB	DOCUMENTS	0000003972	0000003972	Документ 0000003972	documentId
FB	DOCUMENTS	0000003973	0000003973	Документ 0000003973	documentId
FB	DOCUMENTS	0000003974	0000003974	Документ 0000003974	documentId
FB	DOCUMENTS	0000003975	0000003975	Документ 0000003975	documentId
FB	DOCUMENTS	0000003976	0000003976	Документ 0000003976	documentId
FB	DOCUMENTS	0000003977	0000003977	Документ 0000003977	documentId
FB	DOCUMENTS	0000003978	0000003978	Документ 0000003978	documentId
FB	DOCUMENTS	0000003979	0000003979	Документ 0000003979	documentId
FB	DOCUMENTS	0000003980	0000003980	Документ 0000003980	documentId
FB	DOCUMENTS	0000003981	0000003981	Документ 0000003981	documentId
FB	DOCUMENTS	0000003982	0000003982	Документ 0000003982	documentId
FB	DOCUMENTS	0000003983	0000003983	Документ 0000003983	documentId
FB	DOCUMENTS	0000003984	0000003984	Документ 0000003984	documentId
FB	DOCUMENTS	0000003985	0000003985	Документ 0000003985	documentId
FB	DOCUMENTS	0000003986	0000003986	Документ 0000003986	documentId
FB	DOCUMENTS	0000003987	0000003987	Документ 0000003987	documentId
FB	DOCUMENTS	0000003988	0000003988	Документ 0000003988	documentId
FB	DOCUMENTS	0000003989	0000003989	Документ 0000003989	documentId
FB	DOCUMENTS	0000003990	0000003990	Документ 0000003990	documentId
FB	DOCUMENTS	0000003991	0000003991	Документ 0000003991	documentId
FB	DOCUMENTS	0000003992	0000003992	Документ 0000003992	documentId
FB	DOCUMENTS	0000003993	0000003993	Документ 0000003993	documentId
FB	DOCUMENTS	0000003994	0000003994	Документ 0000003994	documentId
FB	DOCUMENTS	0000003995	0000003995	Документ 0000003995	documentId
FB	DOCUMENTS	0000003996	0000003996	Документ 0000003996	documentId
FB	DOCUMENTS	0000003997	0000003997	Документ 0000003997	documentId
FB	DOCUMENTS	0000003998	0000003998	Документ 0000003998	documentId
FB	DOCUMENTS	0000003999	0000003999	Документ 0000003999	documentId
FB	DOCUMENTS	0000004000	0000004000	Документ 0000004000	documentId
FB	DOCUMENTS	0000004001	0000004001	Документ 0000004001	documentId
FB	DOCUMENTS	0000004002	0000004002	Документ 0000004002	documentId
FB	DOCUMENTS	0000004003	0000004003	Документ 0000004003	documentId
FB	DOCUMENTS	0000004004	0000004004	Документ 0000004004	documentId
FB	DOCUMENTS	0000004005	0000004005	Документ 0000004005	documentId
FB	DOCUMENTS	0000004006	0000004006	Документ 0000004006	documentId
FB	DOCUMENTS	0000004007	0000004007	Документ 0000004007	documentId
FB	DOCUMENTS	0000004008	0000004008	Документ 0000004008	documentId
FB	DOCUMENTS	0000004009	0000004009	Документ 0000004009	documentId
FB	DOCUMENTS	0000004010	0000004010	Документ 0000004010	documentId
FB	DOCUMENTS	0000004011	0000004011	Документ 0000004011	documentId
FB	DOCUMENTS	0000004012	0000004012	Документ 0000004012	documentId
FB	DOCUMENTS	0000004013	0000004013	Документ 0000004013	documentId
FB	DOCUMENTS	0000004014	0000004014	Документ 0000004014	documentId
FB	DOCUMENTS	0000004015	0000004015	Документ 0000004015	documentId
FB	DOCUMENTS	0000004016	0000004016	Документ 0000004016	documentId
FB	DOCUMENTS	0000004017	0000004017	Документ 0000004017	documentId
FB	DOCUMENTS	0000004018	0000004018	Документ 0000004018	documentId
FB	DOCUMENTS	0000004019	0000004019	Документ 0000004019	documentId
FB	DOCUMENTS	0000004020	0000004020	Документ 0000004020	documentId
FB	DOCUMENTS	0000004021	0000004021	Документ 0000004021	documentId
FB	DOCUMENTS	0000004022	0000004022	Документ 0000004022	documentId
FB	DOCUMENTS	0000004023	0000004023	Документ 0000004023	documentId
FB	DOCUMENTS	0000004024	0000004024	Документ 0000004024	documentId
FB	DOCUMENTS	0000004025	0000004025	Документ 0000004025	documentId
FB	DOCUMENTS	0000004026	0000004026	Документ 0000004026	documentId
FB	DOCUMENTS	0000004027	0000004027	Документ 0000004027	documentId
FB	DOCUMENTS	0000004028	0000004028	Документ 0000004028	documentId
FB	DOCUMENTS	0000004029	0000004029	Документ 0000004029	documentId
FB	DOCUMENTS	0000004030	0000004030	Документ 0000004030	documentId
FB	DOCUMENTS	0000004031	0000004031	Документ 0000004031	documentId
FB	DOCUMENTS	0000004032	0000004032	Документ 0000004032	documentId
FB	DOCUMENTS	0000004033	0000004033	Документ 0000004033	documentId
FB	DOCUMENTS	0000004034	0000004034	Документ 0000004034	documentId
FB	DOCUMENTS	0000004035	0000004035	Документ 0000004035	documentId
FB	DOCUMENTS	0000004036	0000004036	Документ 0000004036	documentId
FB	DOCUMENTS	0000004037	0000004037	Документ 0000004037	documentId
FB	DOCUMENTS	0000004038	0000004038	Документ 0000004038	documentId
FB	DOCUMENTS	0000004039	0000004039	Документ 0000004039	documentId
FB	DOCUMENTS	0000004040	0000004040	Документ 0000004040	documentId
FB	DOCUMENTS	0000004041	0000004041	Документ 0000004041	documentId
FB	DOCUMENTS	0000004042	0000004042	Документ 0000004042	documentId
FB	DOCUMENTS	0000004043	0000004043	Документ 0000004043	documentId
FB	DOCUMENTS	0000004044	0000004044	Документ 0000004044	documentId
FB	DOCUMENTS	0000004045	0000004045	Документ 0000004045	documentId
FB	DOCUMENTS	0000004046	0000004046	Документ 0000004046	documentId
FB	DOCUMENTS	0000004047	0000004047	Документ 0000004047	documentId
FB	DOCUMENTS	0000004048	0000004048	Документ 0000004048	documentId
FB	DOCUMENTS	0000004049	0000004049	Документ 0000004049	documentId
FB	DOCUMENTS	0000004050	0000004050	Документ 0000004050	documentId
FB	DOCUMENTS	0000004051	0000004051	Документ 0000004051	documentId
FB	DOCUMENTS	0000004052	0000004052	Документ 0000004052	documentId
FB	DOCUMENTS	0000004053	0000004053	Документ 0000004053	documentId
FB	DOCUMENTS	0000004942	0000004942	Документ 0000004942	documentId
FB	DOCUMENTS	0000004943	0000004943	Документ 0000004943	documentId
FB	DOCUMENTS	0009	0009	Документ 0009	documentId
FB	DOCUMENTS	001	001	Документ 001	documentId
FB	DOCUMENTS	0010763323000000294.1	0010763323000000294.1	Документ 0010763323000000294.1	documentId
FB	DOCUMENTS	0010763324000000002.3	0010763324000000002.3	Документ 0010763324000000002.3	documentId
FB	DOCUMENTS	0010763325000000549.14	0010763325000000549.14	Документ 0010763325000000549.14	documentId
FB	DOCUMENTS	0010763325000000549.15	0010763325000000549.15	Документ 0010763325000000549.15	documentId
FB	DOCUMENTS	0010763326000000222.2	0010763326000000222.2	Документ 0010763326000000222.2	documentId
FB	DOCUMENTS	0011	0011	Документ 0011	documentId
FB	DOCUMENTS	0013	0013	Документ 0013	documentId
FB	DOCUMENTS	0100/11	0100/11	Документ 0100/11	documentId
FB	DOCUMENTS	0100/25850	0100/25850	Документ 0100/25850	documentId
FB	DOCUMENTS	0100/27185	0100/27185	Документ 0100/27185	documentId
FB	DOCUMENTS	0100/27187	0100/27187	Документ 0100/27187	documentId
FB	DOCUMENTS	051/001	051/001	Документ 051/001	documentId
FB	DOCUMENTS	060301	060301	Документ 060301	documentId
FB	DOCUMENTS	060302	060302	Документ 060302	documentId
FB	DOCUMENTS	0701	0701	Документ 0701	documentId
FB	DOCUMENTS	1	1	Документ 1	documentId
FB	DOCUMENTS	1-01-048/0234	1-01-048/0234	Документ 1-01-048/0234	documentId
FB	DOCUMENTS	1-03-051/4015	1-03-051/4015	Документ 1-03-051/4015	documentId
FB	DOCUMENTS	1-03-320/5744	1-03-320/5744	Документ 1-03-320/5744	documentId
FB	DOCUMENTS	1-03-320/6104	1-03-320/6104	Документ 1-03-320/6104	documentId
FB	DOCUMENTS	1-03-320/6106	1-03-320/6106	Документ 1-03-320/6106	documentId
FB	DOCUMENTS	1-03-320/6166	1-03-320/6166	Документ 1-03-320/6166	documentId
FB	DOCUMENTS	1-03-320/6168	1-03-320/6168	Документ 1-03-320/6168	documentId
FB	DOCUMENTS	1-03-320/6172	1-03-320/6172	Документ 1-03-320/6172	documentId
FB	DOCUMENTS	1-03-320/6212	1-03-320/6212	Документ 1-03-320/6212	documentId
FB	DOCUMENTS	1-03-320/7220	1-03-320/7220	Документ 1-03-320/7220	documentId
FB	DOCUMENTS	1-03-320/7222	1-03-320/7222	Документ 1-03-320/7222	documentId
FB	DOCUMENTS	1-11-320/1300	1-11-320/1300	Документ 1-11-320/1300	documentId
FB	DOCUMENTS	1-12-320/9254	1-12-320/9254	Документ 1-12-320/9254	documentId
FB	DOCUMENTS	1-13-184/8307	1-13-184/8307	Документ 1-13-184/8307	documentId
FB	DOCUMENTS	1-14-051/8000	1-14-051/8000	Документ 1-14-051/8000	documentId
FB	DOCUMENTS	1-14-051/8001	1-14-051/8001	Документ 1-14-051/8001	documentId
FB	DOCUMENTS	1-14-051/8002	1-14-051/8002	Документ 1-14-051/8002	documentId
FB	DOCUMENTS	1-14-051/8100	1-14-051/8100	Документ 1-14-051/8100	documentId
FB	DOCUMENTS	1-2	1-2	Документ 1-2	documentId
FB	DOCUMENTS	1-2-1	1-2-1	Документ 1-2-1	documentId
FB	DOCUMENTS	10	10	Документ 10	documentId
FB	DOCUMENTS	1000	1000	Документ 1000	documentId
FB	DOCUMENTS	1001	1001	Документ 1001	documentId
FB	DOCUMENTS	1002	1002	Документ 1002	documentId
FB	DOCUMENTS	1004	1004	Документ 1004	documentId
FB	DOCUMENTS	1005	1005	Документ 1005	documentId
FB	DOCUMENTS	1007	1007	Документ 1007	documentId
FB	DOCUMENTS	101	101	Документ 101	documentId
FB	DOCUMENTS	102	102	Документ 102	documentId
FB	DOCUMENTS	105	105	Документ 105	documentId
FB	DOCUMENTS	106	106	Документ 106	documentId
FB	DOCUMENTS	107	107	Документ 107	documentId
FB	DOCUMENTS	108	108	Документ 108	documentId
FB	DOCUMENTS	109	109	Документ 109	documentId
FB	DOCUMENTS	11	11	Документ 11	documentId
FB	DOCUMENTS	11-03-2	11-03-2	Документ 11-03-2	documentId
FB	DOCUMENTS	110	110	Документ 110	documentId
FB	DOCUMENTS	1101	1101	Документ 1101	documentId
FB	DOCUMENTS	1102	1102	Документ 1102	documentId
FB	DOCUMENTS	1103	1103	Документ 1103	documentId
FB	DOCUMENTS	1104	1104	Документ 1104	documentId
FB	DOCUMENTS	111	111	Документ 111	documentId
FB	DOCUMENTS	11104	11104	Документ 11104	documentId
FB	DOCUMENTS	112	112	Документ 112	documentId
FB	DOCUMENTS	12	12	Документ 12	documentId
FB	DOCUMENTS	123логитест	123логитест	Документ 123логитест	documentId
FB	DOCUMENTS	13	13	Документ 13	documentId
FB	DOCUMENTS	1313	1313	Документ 1313	documentId
FB	DOCUMENTS	13944-9500-П	13944-9500-П	Документ 13944-9500-П	documentId
FB	DOCUMENTS	13949-9500-П	13949-9500-П	Документ 13949-9500-П	documentId
FB	DOCUMENTS	14	14	Документ 14	documentId
FB	DOCUMENTS	17-2	17-2	Документ 17-2	documentId
FB	DOCUMENTS	17-3	17-3	Документ 17-3	documentId
FB	DOCUMENTS	17-3-1	17-3-1	Документ 17-3-1	documentId
FB	DOCUMENTS	17-4-1	17-4-1	Документ 17-4-1	documentId
FB	DOCUMENTS	17ВС-2	17ВС-2	Документ 17ВС-2	documentId
FB	DOCUMENTS	18-01	18-01	Документ 18-01	documentId
FB	DOCUMENTS	18-2	18-2	Документ 18-2	documentId
FB	DOCUMENTS	18-5-1	18-5-1	Документ 18-5-1	documentId
FB	DOCUMENTS	18-5-2	18-5-2	Документ 18-5-2	documentId
FB	DOCUMENTS	182/002	182/002	Документ 182/002	documentId
FB	DOCUMENTS	182/007	182/007	Документ 182/007	documentId
FB	DOCUMENTS	182/072	182/072	Документ 182/072	documentId
FB	DOCUMENTS	182/07633/282	182/07633/282	Документ 182/07633/282	documentId
FB	DOCUMENTS	1901	1901	Документ 1901	documentId
FB	DOCUMENTS	2	2	Документ 2	documentId
FB	DOCUMENTS	2023	2023	Документ 2023	documentId
FB	DOCUMENTS	2050	2050	Документ 2050	documentId
FB	DOCUMENTS	2052	2052	Документ 2052	documentId
FB	DOCUMENTS	2053	2053	Документ 2053	documentId
FB	DOCUMENTS	2201	2201	Документ 2201	documentId
FB	DOCUMENTS	22022	22022	Документ 22022	documentId
FB	DOCUMENTS	2215	2215	Документ 2215	documentId
FB	DOCUMENTS	2216	2216	Документ 2216	documentId
FB	DOCUMENTS	23	23	Документ 23	documentId
FB	DOCUMENTS	24-1-2	24-1-2	Документ 24-1-2	documentId
FB	DOCUMENTS	24-4-1	24-4-1	Документ 24-4-1	documentId
FB	DOCUMENTS	24ВС-1	24ВС-1	Документ 24ВС-1	documentId
FB	DOCUMENTS	260	260	Документ 260	documentId
FB	DOCUMENTS	260_УВИПП_НВС	260_УВИПП_НВС	Документ 260_УВИПП_НВС	documentId
FB	DOCUMENTS	261	261	Документ 261	documentId
FB	DOCUMENTS	261_УВИПП_НВС	261_УВИПП_НВС	Документ 261_УВИПП_НВС	documentId
FB	DOCUMENTS	262	262	Документ 262	documentId
FB	DOCUMENTS	262_УВИПП_НВС	262_УВИПП_НВС	Документ 262_УВИПП_НВС	documentId
FB	DOCUMENTS	263	263	Документ 263	documentId
FB	DOCUMENTS	264	264	Документ 264	documentId
FB	DOCUMENTS	265	265	Документ 265	documentId
FB	DOCUMENTS	267	267	Документ 267	documentId
FB	DOCUMENTS	268	268	Документ 268	documentId
FB	DOCUMENTS	269	269	Документ 269	documentId
FB	DOCUMENTS	270	270	Документ 270	documentId
FB	DOCUMENTS	271	271	Документ 271	documentId
FB	DOCUMENTS	272	272	Документ 272	documentId
FB	DOCUMENTS	273	273	Документ 273	documentId
FB	DOCUMENTS	277	277	Документ 277	documentId
FB	DOCUMENTS	278	278	Документ 278	documentId
FB	DOCUMENTS	3	3	Документ 3	documentId
FB	DOCUMENTS	301	301	Документ 301	documentId
FB	DOCUMENTS	302	302	Документ 302	documentId
FB	DOCUMENTS	305	305	Документ 305	documentId
FB	DOCUMENTS	3101	3101	Документ 3101	documentId
FB	DOCUMENTS	3102	3102	Документ 3102	documentId
FB	DOCUMENTS	3105	3105	Документ 3105	documentId
FB	DOCUMENTS	3115	3115	Документ 3115	documentId
FB	DOCUMENTS	320/003	320/003	Документ 320/003	documentId
FB	DOCUMENTS	320/00320/226	320/00320/226	Документ 320/00320/226	documentId
FB	DOCUMENTS	320/00320/932	320/00320/932	Документ 320/00320/932	documentId
FB	DOCUMENTS	320/006	320/006	Документ 320/006	documentId
FB	DOCUMENTS	320/007	320/007	Документ 320/007	documentId
FB	DOCUMENTS	320/011	320/011	Документ 320/011	documentId
FB	DOCUMENTS	333	333	Документ 333	documentId
FB	DOCUMENTS	3485	3485	Документ 3485	documentId
FB	DOCUMENTS	3486	3486	Документ 3486	documentId
FB	DOCUMENTS	374	374	Документ 374	documentId
FB	DOCUMENTS	375	375	Документ 375	documentId
FB	DOCUMENTS	376	376	Документ 376	documentId
FB	DOCUMENTS	377	377	Документ 377	documentId
FB	DOCUMENTS	4	4	Документ 4	documentId
FB	DOCUMENTS	40	40	Документ 40	documentId
FB	DOCUMENTS	401	401	Документ 401	documentId
FB	DOCUMENTS	41	41	Документ 41	documentId
FB	DOCUMENTS	42	42	Документ 42	documentId
FB	DOCUMENTS	4401	4401	Документ 4401	documentId
FB	DOCUMENTS	4403	4403	Документ 4403	documentId
FB	DOCUMENTS	4404	4404	Документ 4404	documentId
FB	DOCUMENTS	45	45	Документ 45	documentId
FB	DOCUMENTS	46	46	Документ 46	documentId
FB	DOCUMENTS	47	47	Документ 47	documentId
FB	DOCUMENTS	48	48	Документ 48	documentId
FB	DOCUMENTS	49	49	Документ 49	documentId
FB	DOCUMENTS	5	5	Документ 5	documentId
FB	DOCUMENTS	501	501	Документ 501	documentId
FB	DOCUMENTS	502	502	Документ 502	documentId
FB	DOCUMENTS	503	503	Документ 503	documentId
FB	DOCUMENTS	504	504	Документ 504	documentId
FB	DOCUMENTS	5220	5220	Документ 5220	documentId
FB	DOCUMENTS	5222	5222	Документ 5222	documentId
FB	DOCUMENTS	53	53	Документ 53	documentId
FB	DOCUMENTS	56_055	56_055	Документ 56_055	documentId
FB	DOCUMENTS	56_056	56_056	Документ 56_056	documentId
FB	DOCUMENTS	56_057	56_057	Документ 56_057	documentId
FB	DOCUMENTS	56_058	56_058	Документ 56_058	documentId
FB	DOCUMENTS	56_059	56_059	Документ 56_059	documentId
FB	DOCUMENTS	56_060	56_060	Документ 56_060	documentId
FB	DOCUMENTS	56_061	56_061	Документ 56_061	documentId
FB	DOCUMENTS	56_062	56_062	Документ 56_062	documentId
FB	DOCUMENTS	56_063	56_063	Документ 56_063	documentId
FB	DOCUMENTS	56_066	56_066	Документ 56_066	documentId
FB	DOCUMENTS	57_073	57_073	Документ 57_073	documentId
FB	DOCUMENTS	57_074	57_074	Документ 57_074	documentId
FB	DOCUMENTS	57_092	57_092	Документ 57_092	documentId
FB	DOCUMENTS	57_093	57_093	Документ 57_093	documentId
FB	DOCUMENTS	57_117	57_117	Документ 57_117	documentId
FB	DOCUMENTS	6	6	Документ 6	documentId
FB	DOCUMENTS	6000-000002	6000-000002	Документ 6000-000002	documentId
FB	DOCUMENTS	6000-000020	6000-000020	Документ 6000-000020	documentId
FB	DOCUMENTS	6000/428	6000/428	Документ 6000/428	documentId
FB	DOCUMENTS	6000/4280	6000/4280	Документ 6000/4280	documentId
FB	DOCUMENTS	6000/4285	6000/4285	Документ 6000/4285	documentId
FB	DOCUMENTS	6000/4286	6000/4286	Документ 6000/4286	documentId
FB	DOCUMENTS	6000/4299	6000/4299	Документ 6000/4299	documentId
FB	DOCUMENTS	6001.6000.21	6001.6000.21	Документ 6001.6000.21	documentId
FB	DOCUMENTS	6001.6000.22	6001.6000.22	Документ 6001.6000.22	documentId
FB	DOCUMENTS	6001.6000.23	6001.6000.23	Документ 6001.6000.23	documentId
FB	DOCUMENTS	6001.6000.24	6001.6000.24	Документ 6001.6000.24	documentId
FB	DOCUMENTS	601	601	Документ 601	documentId
FB	DOCUMENTS	7	7	Документ 7	documentId
FB	DOCUMENTS	777	777	Документ 777	documentId
FB	DOCUMENTS	811	811	Документ 811	documentId
FB	DOCUMENTS	814	814	Документ 814	documentId
FB	DOCUMENTS	815	815	Документ 815	documentId
FB	DOCUMENTS	817	817	Документ 817	documentId
FB	DOCUMENTS	819	819	Документ 819	documentId
FB	DOCUMENTS	820	820	Документ 820	documentId
FB	DOCUMENTS	83	83	Документ 83	documentId
FB	DOCUMENTS	84	84	Документ 84	documentId
FB	DOCUMENTS	85	85	Документ 85	documentId
FB	DOCUMENTS	86	86	Документ 86	documentId
FB	DOCUMENTS	87	87	Документ 87	documentId
FB	DOCUMENTS	88	88	Документ 88	documentId
FB	DOCUMENTS	89	89	Документ 89	documentId
FB	DOCUMENTS	9	9	Документ 9	documentId
FB	DOCUMENTS	90	90	Документ 90	documentId
FB	DOCUMENTS	91	91	Документ 91	documentId
FB	DOCUMENTS	98	98	Документ 98	documentId
FB	DOCUMENTS	Auto	Auto	Документ Auto	documentId
FB	DOCUMENTS	EIS-00000370	EIS-00000370	Документ EIS-00000370	documentId
FB	DOCUMENTS	EIS-00000371	EIS-00000371	Документ EIS-00000371	documentId
FB	DOCUMENTS	EIS-00000372	EIS-00000372	Документ EIS-00000372	documentId
FB	DOCUMENTS	EIS-00000374	EIS-00000374	Документ EIS-00000374	documentId
FB	DOCUMENTS	EIS-00000375	EIS-00000375	Документ EIS-00000375	documentId
FB	DOCUMENTS	EIS-00000376	EIS-00000376	Документ EIS-00000376	documentId
FB	DOCUMENTS	EIS-00000378	EIS-00000378	Документ EIS-00000378	documentId
FB	DOCUMENTS	EIS-00000380	EIS-00000380	Документ EIS-00000380	documentId
FB	DOCUMENTS	TEST354	TEST354	Документ TEST354	documentId
FB	DOCUMENTS	TEST55	TEST55	Документ TEST55	documentId
FB	DOCUMENTS	TEST_45	TEST_45	Документ TEST_45	documentId
FB	DOCUMENTS	TEST_46	TEST_46	Документ TEST_46	documentId
FB	DOCUMENTS	test345	test345	Документ test345	documentId
FB	DOCUMENTS	test456	test456	Документ test456	documentId
FB	DOCUMENTS	test675	test675	Документ test675	documentId
FB	DOCUMENTS	testyu	testyu	Документ testyu	documentId
FB	DOCUMENTS	v-1	v-1	Документ v-1	documentId
FB	DOCUMENTS	~	~	Документ ~	documentId
FB	DOCUMENTS	Витрина_тест15	Витрина_тест15	Документ Витрина_тест15	documentId
FB	DOCUMENTS	Витрина_тест2	Витрина_тест2	Документ Витрина_тест2	documentId
FB	DOCUMENTS	Витрина_тест3	Витрина_тест3	Документ Витрина_тест3	documentId
FB	DOCUMENTS	Витрина_тест4	Витрина_тест4	Документ Витрина_тест4	documentId
FB	DOCUMENTS	Витрина_тест58	Витрина_тест58	Документ Витрина_тест58	documentId
FB	DOCUMENTS	ЕИС-00000200/1	ЕИС-00000200/1	Документ ЕИС-00000200/1	documentId
FB	DOCUMENTS	ЕИС-00000348/9	ЕИС-00000348/9	Документ ЕИС-00000348/9	documentId
FB	DOCUMENTS	ЕИС-00000600/7	ЕИС-00000600/7	Документ ЕИС-00000600/7	documentId
FB	DOCUMENTS	ЕИС-00000600/8	ЕИС-00000600/8	Документ ЕИС-00000600/8	documentId
FB	DOCUMENTS	ЕИС-00000600/9	ЕИС-00000600/9	Документ ЕИС-00000600/9	documentId
FB	DOCUMENTS	ЕИС-123-8	ЕИС-123-8	Документ ЕИС-123-8	documentId
FB	DOCUMENTS	ЕИС-123-9	ЕИС-123-9	Документ ЕИС-123-9	documentId
FB	DOCUMENTS	ЕИС-124-0	ЕИС-124-0	Документ ЕИС-124-0	documentId
FB	DOCUMENTS	ЕИС-124-1	ЕИС-124-1	Документ ЕИС-124-1	documentId
FB	DOCUMENTS	ЕИС-124-2	ЕИС-124-2	Документ ЕИС-124-2	documentId
FB	DOCUMENTS	ЕИС-124-7	ЕИС-124-7	Документ ЕИС-124-7	documentId
FB	DOCUMENTS	ЕИС-125-1	ЕИС-125-1	Документ ЕИС-125-1	documentId
FB	DOCUMENTS	ЕИС-125-3	ЕИС-125-3	Документ ЕИС-125-3	documentId
FB	DOCUMENTS	ЕИС-125-4	ЕИС-125-4	Документ ЕИС-125-4	documentId
FB	DOCUMENTS	ЕИС-125-6	ЕИС-125-6	Документ ЕИС-125-6	documentId
FB	DOCUMENTS	ЕИС-126-0	ЕИС-126-0	Документ ЕИС-126-0	documentId
FB	DOCUMENTS	ЕИС-126-2	ЕИС-126-2	Документ ЕИС-126-2	documentId
FB	DOCUMENTS	ЕИС-127-0	ЕИС-127-0	Документ ЕИС-127-0	documentId
FB	DOCUMENTS	ЕИС-127-5	ЕИС-127-5	Документ ЕИС-127-5	documentId
FB	DOCUMENTS	ЕИС-127-6	ЕИС-127-6	Документ ЕИС-127-6	documentId
FB	DOCUMENTS	ЕИС-127-7	ЕИС-127-7	Документ ЕИС-127-7	documentId
FB	DOCUMENTS	ЕИС-127-8	ЕИС-127-8	Документ ЕИС-127-8	documentId
FB	DOCUMENTS	ЕИС-127-9	ЕИС-127-9	Документ ЕИС-127-9	documentId
FB	DOCUMENTS	ЕИС-128-3	ЕИС-128-3	Документ ЕИС-128-3	documentId
FB	DOCUMENTS	ЗКР_02.03.26_01	ЗКР_02.03.26_01	Документ ЗКР_02.03.26_01	documentId
FB	DOCUMENTS	ЗКР_02.03.26_02	ЗКР_02.03.26_02	Документ ЗКР_02.03.26_02	documentId
FB	DOCUMENTS	ЗКР_03.03.26_01	ЗКР_03.03.26_01	Документ ЗКР_03.03.26_01	documentId
FB	DOCUMENTS	ЗКР_03.03.26_02	ЗКР_03.03.26_02	Документ ЗКР_03.03.26_02	documentId
FB	DOCUMENTS	ЗКР_03.03.26_03	ЗКР_03.03.26_03	Документ ЗКР_03.03.26_03	documentId
FB	DOCUMENTS	ЗКР_03.03.26_04	ЗКР_03.03.26_04	Документ ЗКР_03.03.26_04	documentId
FB	DOCUMENTS	ЗКР_05.03.26_01	ЗКР_05.03.26_01	Документ ЗКР_05.03.26_01	documentId
FB	DOCUMENTS	ЗКР_05.03.26_02	ЗКР_05.03.26_02	Документ ЗКР_05.03.26_02	documentId
FB	DOCUMENTS	ЗКР_06.03.26_01	ЗКР_06.03.26_01	Документ ЗКР_06.03.26_01	documentId
FB	DOCUMENTS	ЗКР_1.04.26_04	ЗКР_1.04.26_04	Документ ЗКР_1.04.26_04	documentId
FB	DOCUMENTS	ЗКР_10.03.26_01	ЗКР_10.03.26_01	Документ ЗКР_10.03.26_01	documentId
FB	DOCUMENTS	ЗКР_10.03.26_02	ЗКР_10.03.26_02	Документ ЗКР_10.03.26_02	documentId
FB	DOCUMENTS	ЗКР_12.01.25_1	ЗКР_12.01.25_1	Документ ЗКР_12.01.25_1	documentId
FB	DOCUMENTS	ЗКР_12.01.26_4	ЗКР_12.01.26_4	Документ ЗКР_12.01.26_4	documentId
FB	DOCUMENTS	ЗКР_13.02.26_01	ЗКР_13.02.26_01	Документ ЗКР_13.02.26_01	documentId
FB	DOCUMENTS	ЗКР_13.02.26_03	ЗКР_13.02.26_03	Документ ЗКР_13.02.26_03	documentId
FB	DOCUMENTS	ЗКР_13.03.26_01	ЗКР_13.03.26_01	Документ ЗКР_13.03.26_01	documentId
FB	DOCUMENTS	ЗКР_15.04.26_01	ЗКР_15.04.26_01	Документ ЗКР_15.04.26_01	documentId
FB	DOCUMENTS	ЗКР_16.01.26_1	ЗКР_16.01.26_1	Документ ЗКР_16.01.26_1	documentId
FB	DOCUMENTS	ЗКР_18.02.26_01	ЗКР_18.02.26_01	Документ ЗКР_18.02.26_01	documentId
FB	DOCUMENTS	ЗКР_18.02.26_02	ЗКР_18.02.26_02	Документ ЗКР_18.02.26_02	documentId
FB	DOCUMENTS	ЗКР_18.03.26_01	ЗКР_18.03.26_01	Документ ЗКР_18.03.26_01	documentId
FB	DOCUMENTS	ЗКР_18.03.26_02	ЗКР_18.03.26_02	Документ ЗКР_18.03.26_02	documentId
FB	DOCUMENTS	ЗКР_18.03.26_15	ЗКР_18.03.26_15	Документ ЗКР_18.03.26_15	documentId
FB	DOCUMENTS	ЗКР_18.03.26_16	ЗКР_18.03.26_16	Документ ЗКР_18.03.26_16	documentId
FB	DOCUMENTS	ЗКР_18.03.26_21	ЗКР_18.03.26_21	Документ ЗКР_18.03.26_21	documentId
FB	DOCUMENTS	ЗКР_18.03.26_22	ЗКР_18.03.26_22	Документ ЗКР_18.03.26_22	documentId
FB	DOCUMENTS	ЗКР_18.03.26_23	ЗКР_18.03.26_23	Документ ЗКР_18.03.26_23	documentId
FB	DOCUMENTS	ЗКР_19.03.26_09	ЗКР_19.03.26_09	Документ ЗКР_19.03.26_09	documentId
FB	DOCUMENTS	ЗКР_19.03.26_12	ЗКР_19.03.26_12	Документ ЗКР_19.03.26_12	documentId
FB	DOCUMENTS	ЗКР_19.03.26_15	ЗКР_19.03.26_15	Документ ЗКР_19.03.26_15	documentId
FB	DOCUMENTS	ЗКР_20.02.26_01	ЗКР_20.02.26_01	Документ ЗКР_20.02.26_01	documentId
FB	DOCUMENTS	ЗКР_22.01.26_1	ЗКР_22.01.26_1	Документ ЗКР_22.01.26_1	documentId
FB	DOCUMENTS	ЗКР_23.03.26_03	ЗКР_23.03.26_03	Документ ЗКР_23.03.26_03	documentId
FB	DOCUMENTS	ЗКР_23.03.26_06	ЗКР_23.03.26_06	Документ ЗКР_23.03.26_06	documentId
FB	DOCUMENTS	ЗКР№3255	ЗКР№3255	Документ ЗКР№3255	documentId
FB	DOCUMENTS	ЗКР№3256	ЗКР№3256	Документ ЗКР№3256	documentId
FB	DOCUMENTS	ЗКС_03.03.26_01	ЗКС_03.03.26_01	Документ ЗКС_03.03.26_01	documentId
FB	DOCUMENTS	ЗКС_03.03.26_02	ЗКС_03.03.26_02	Документ ЗКС_03.03.26_02	documentId
FB	DOCUMENTS	ЗКС_03.03.26_03	ЗКС_03.03.26_03	Документ ЗКС_03.03.26_03	documentId
FB	DOCUMENTS	ЗКС_05.03.26_02	ЗКС_05.03.26_02	Документ ЗКС_05.03.26_02	documentId
FB	DOCUMENTS	ЗКС_05.03.26_04	ЗКС_05.03.26_04	Документ ЗКС_05.03.26_04	documentId
FB	DOCUMENTS	ЗКС_05.03.26_05	ЗКС_05.03.26_05	Документ ЗКС_05.03.26_05	documentId
FB	DOCUMENTS	ЗКС_06.03.26_01	ЗКС_06.03.26_01	Документ ЗКС_06.03.26_01	documentId
FB	DOCUMENTS	ЗКС_06.03.26_02	ЗКС_06.03.26_02	Документ ЗКС_06.03.26_02	documentId
FB	DOCUMENTS	ЗКС_06.03.26_06	ЗКС_06.03.26_06	Документ ЗКС_06.03.26_06	documentId
FB	DOCUMENTS	ЗКС_10.03.26_01	ЗКС_10.03.26_01	Документ ЗКС_10.03.26_01	documentId
FB	DOCUMENTS	ЗКС_16.01.26_1	ЗКС_16.01.26_1	Документ ЗКС_16.01.26_1	documentId
FB	DOCUMENTS	ЗКС_19.01.26_1	ЗКС_19.01.26_1	Документ ЗКС_19.01.26_1	documentId
FB	DOCUMENTS	ЗКС_19.01.26_2	ЗКС_19.01.26_2	Документ ЗКС_19.01.26_2	documentId
FB	DOCUMENTS	ЗКС_19.02.26_04	ЗКС_19.02.26_04	Документ ЗКС_19.02.26_04	documentId
FB	DOCUMENTS	ЗКС_19.02.26_07	ЗКС_19.02.26_07	Документ ЗКС_19.02.26_07	documentId
FB	DOCUMENTS	ЗКС_19.02.26_09	ЗКС_19.02.26_09	Документ ЗКС_19.02.26_09	documentId
FB	DOCUMENTS	ЗКС_19.02.26_10	ЗКС_19.02.26_10	Документ ЗКС_19.02.26_10	documentId
FB	DOCUMENTS	ЗКС_19.02.26_12	ЗКС_19.02.26_12	Документ ЗКС_19.02.26_12	documentId
FB	DOCUMENTS	ЗКС_19.02.26_14	ЗКС_19.02.26_14	Документ ЗКС_19.02.26_14	documentId
FB	DOCUMENTS	ЗКС_20.01.25_4	ЗКС_20.01.25_4	Документ ЗКС_20.01.25_4	documentId
FB	DOCUMENTS	ЗКС_20.01.25_5	ЗКС_20.01.25_5	Документ ЗКС_20.01.25_5	documentId
FB	DOCUMENTS	ЗКС_20.01.25_7	ЗКС_20.01.25_7	Документ ЗКС_20.01.25_7	documentId
FB	DOCUMENTS	ЗКС_20.01.26_11	ЗКС_20.01.26_11	Документ ЗКС_20.01.26_11	documentId
FB	DOCUMENTS	ЗКС_20.01.26_12	ЗКС_20.01.26_12	Документ ЗКС_20.01.26_12	documentId
FB	DOCUMENTS	ЗКС_20.01.26_15	ЗКС_20.01.26_15	Документ ЗКС_20.01.26_15	documentId
FB	DOCUMENTS	ЗКС_20.01.26_16	ЗКС_20.01.26_16	Документ ЗКС_20.01.26_16	documentId
FB	DOCUMENTS	ЗКС_20.01.26_17	ЗКС_20.01.26_17	Документ ЗКС_20.01.26_17	documentId
FB	DOCUMENTS	ЗКС_20.01.26_3	ЗКС_20.01.26_3	Документ ЗКС_20.01.26_3	documentId
FB	DOCUMENTS	ЗКС_20.02.26_01	ЗКС_20.02.26_01	Документ ЗКС_20.02.26_01	documentId
FB	DOCUMENTS	ЗКС_20.02.26_02	ЗКС_20.02.26_02	Документ ЗКС_20.02.26_02	documentId
FB	DOCUMENTS	ЗКС_20.03.26_01	ЗКС_20.03.26_01	Документ ЗКС_20.03.26_01	documentId
FB	DOCUMENTS	ЗКС_20.03.26_05	ЗКС_20.03.26_05	Документ ЗКС_20.03.26_05	documentId
FB	DOCUMENTS	ЗКС_20.03.26_06	ЗКС_20.03.26_06	Документ ЗКС_20.03.26_06	documentId
FB	DOCUMENTS	ЗКС_21.01.26_1	ЗКС_21.01.26_1	Документ ЗКС_21.01.26_1	documentId
FB	DOCUMENTS	ЗКС_21.01.26_3	ЗКС_21.01.26_3	Документ ЗКС_21.01.26_3	documentId
FB	DOCUMENTS	ЗКС_№564	ЗКС_№564	Документ ЗКС_№564	documentId
FB	DOCUMENTS	ЗКС_№565	ЗКС_№565	Документ ЗКС_№565	documentId
FB	DOCUMENTS	ЗКС№564	ЗКС№564	Документ ЗКС№564	documentId
FB	DOCUMENTS	ЗНБ-10	ЗНБ-10	Документ ЗНБ-10	documentId
FB	DOCUMENTS	ЗНБ-11	ЗНБ-11	Документ ЗНБ-11	documentId
FB	DOCUMENTS	ЗНБ-12	ЗНБ-12	Документ ЗНБ-12	documentId
FB	DOCUMENTS	ЗНБ-14	ЗНБ-14	Документ ЗНБ-14	documentId
FB	DOCUMENTS	ЗНБ-15	ЗНБ-15	Документ ЗНБ-15	documentId
FB	DOCUMENTS	ЗНБ-16	ЗНБ-16	Документ ЗНБ-16	documentId
FB	DOCUMENTS	ЗНБ-18	ЗНБ-18	Документ ЗНБ-18	documentId
FB	DOCUMENTS	ЗНБ-20	ЗНБ-20	Документ ЗНБ-20	documentId
FB	DOCUMENTS	ЗНБ-44	ЗНБ-44	Документ ЗНБ-44	documentId
FB	DOCUMENTS	ЗНБ-5	ЗНБ-5	Документ ЗНБ-5	documentId
FB	DOCUMENTS	ЗНБ-7	ЗНБ-7	Документ ЗНБ-7	documentId
FB	DOCUMENTS	ЗНБ-8	ЗНБ-8	Документ ЗНБ-8	documentId
FB	DOCUMENTS	ЗНБ-9	ЗНБ-9	Документ ЗНБ-9	documentId
FB	DOCUMENTS	ЗНБ_16.01.26_1	ЗНБ_16.01.26_1	Документ ЗНБ_16.01.26_1	documentId
FB	DOCUMENTS	ЗНБ_18.03_02	ЗНБ_18.03_02	Документ ЗНБ_18.03_02	documentId
FB	DOCUMENTS	ЗНБ_19.03_03	ЗНБ_19.03_03	Документ ЗНБ_19.03_03	documentId
FB	DOCUMENTS	ЗНБ_19.03_04	ЗНБ_19.03_04	Документ ЗНБ_19.03_04	documentId
FB	DOCUMENTS	ЗНБ_19.03_05	ЗНБ_19.03_05	Документ ЗНБ_19.03_05	documentId
FB	DOCUMENTS	ЗНП-12	ЗНП-12	Документ ЗНП-12	documentId
FB	DOCUMENTS	ЗНП-13	ЗНП-13	Документ ЗНП-13	documentId
FB	DOCUMENTS	ЗНП-19	ЗНП-19	Документ ЗНП-19	documentId
FB	DOCUMENTS	ЗНП-23	ЗНП-23	Документ ЗНП-23	documentId
FB	DOCUMENTS	ЗНП-24	ЗНП-24	Документ ЗНП-24	documentId
FB	DOCUMENTS	ЗНП-25	ЗНП-25	Документ ЗНП-25	documentId
FB	DOCUMENTS	ЗНП-26	ЗНП-26	Документ ЗНП-26	documentId
FB	DOCUMENTS	ЗНП-27	ЗНП-27	Документ ЗНП-27	documentId
FB	DOCUMENTS	ЗНП-28	ЗНП-28	Документ ЗНП-28	documentId
FB	DOCUMENTS	ЗНП-29	ЗНП-29	Документ ЗНП-29	documentId
FB	DOCUMENTS	ЗНП-30	ЗНП-30	Документ ЗНП-30	documentId
FB	DOCUMENTS	ЗНП-4	ЗНП-4	Документ ЗНП-4	documentId
FB	DOCUMENTS	ЗНП-5	ЗНП-5	Документ ЗНП-5	documentId
FB	DOCUMENTS	ЗНП-6	ЗНП-6	Документ ЗНП-6	documentId
FB	DOCUMENTS	ЗНП-7	ЗНП-7	Документ ЗНП-7	documentId
FB	DOCUMENTS	ЗНП-8	ЗНП-8	Документ ЗНП-8	documentId
FB	DOCUMENTS	ЗНП_16.01.26_1	ЗНП_16.01.26_1	Документ ЗНП_16.01.26_1	documentId
FB	DOCUMENTS	ЗНП_17.03.26_02	ЗНП_17.03.26_02	Документ ЗНП_17.03.26_02	documentId
FB	DOCUMENTS	ЗНП_17.03.26_03	ЗНП_17.03.26_03	Документ ЗНП_17.03.26_03	documentId
FB	DOCUMENTS	ЗНП_17.03.26_05	ЗНП_17.03.26_05	Документ ЗНП_17.03.26_05	documentId
FB	DOCUMENTS	ЗНП_17.03.26_07	ЗНП_17.03.26_07	Документ ЗНП_17.03.26_07	documentId
FB	DOCUMENTS	ЗНП_17.03.26_08	ЗНП_17.03.26_08	Документ ЗНП_17.03.26_08	documentId
FB	DOCUMENTS	ЗОН-1	ЗОН-1	Документ ЗОН-1	documentId
FB	DOCUMENTS	ЗОН-2	ЗОН-2	Документ ЗОН-2	documentId
FB	DOCUMENTS	ЗОН_17.03.26_03	ЗОН_17.03.26_03	Документ ЗОН_17.03.26_03	documentId
FB	DOCUMENTS	ЗОН_17.03.26_04	ЗОН_17.03.26_04	Документ ЗОН_17.03.26_04	documentId
FB	DOCUMENTS	ЗСВ_02.03.26_01	ЗСВ_02.03.26_01	Документ ЗСВ_02.03.26_01	documentId
FB	DOCUMENTS	ЗСВ_03.03.26_02	ЗСВ_03.03.26_02	Документ ЗСВ_03.03.26_02	documentId
FB	DOCUMENTS	ЗСВ_03.03.26_03	ЗСВ_03.03.26_03	Документ ЗСВ_03.03.26_03	documentId
FB	DOCUMENTS	ЗСВ_03.03.26_05	ЗСВ_03.03.26_05	Документ ЗСВ_03.03.26_05	documentId
FB	DOCUMENTS	ЗСВ_03.03.26_06	ЗСВ_03.03.26_06	Документ ЗСВ_03.03.26_06	documentId
FB	DOCUMENTS	ЗСВ_03.03.26_07	ЗСВ_03.03.26_07	Документ ЗСВ_03.03.26_07	documentId
FB	DOCUMENTS	ЗСВ_05.03.26_02	ЗСВ_05.03.26_02	Документ ЗСВ_05.03.26_02	documentId
FB	DOCUMENTS	ЗСВ_05.03.26_03	ЗСВ_05.03.26_03	Документ ЗСВ_05.03.26_03	documentId
FB	DOCUMENTS	ЗСВ_06.03.26_01	ЗСВ_06.03.26_01	Документ ЗСВ_06.03.26_01	documentId
FB	DOCUMENTS	ЗСВ_06.03.26_02	ЗСВ_06.03.26_02	Документ ЗСВ_06.03.26_02	documentId
FB	DOCUMENTS	ЗСВ_06.03.26_03	ЗСВ_06.03.26_03	Документ ЗСВ_06.03.26_03	documentId
FB	DOCUMENTS	ЗСВ_06.03.26_05	ЗСВ_06.03.26_05	Документ ЗСВ_06.03.26_05	documentId
FB	DOCUMENTS	ЗСВ_06.03.26_06	ЗСВ_06.03.26_06	Документ ЗСВ_06.03.26_06	documentId
FB	DOCUMENTS	ЗСВ_06.03.26_07	ЗСВ_06.03.26_07	Документ ЗСВ_06.03.26_07	documentId
FB	DOCUMENTS	ЗСВ_16.01.26_1	ЗСВ_16.01.26_1	Документ ЗСВ_16.01.26_1	documentId
FB	DOCUMENTS	ЗСВ_19.12.25_2	ЗСВ_19.12.25_2	Документ ЗСВ_19.12.25_2	documentId
FB	DOCUMENTS	ЗСВ_20.02.26_01	ЗСВ_20.02.26_01	Документ ЗСВ_20.02.26_01	documentId
FB	DOCUMENTS	ЗСВ_22.01.26_2	ЗСВ_22.01.26_2	Документ ЗСВ_22.01.26_2	documentId
FB	DOCUMENTS	ЗСВ_22.01.26_4	ЗСВ_22.01.26_4	Документ ЗСВ_22.01.26_4	documentId
FB	DOCUMENTS	ЗСВ_26.01.26_2	ЗСВ_26.01.26_2	Документ ЗСВ_26.01.26_2	documentId
FB	DOCUMENTS	ЗСВ_28.01.26_2	ЗСВ_28.01.26_2	Документ ЗСВ_28.01.26_2	documentId
FB	DOCUMENTS	КП1	КП1	Документ КП1	documentId
FB	DOCUMENTS	КП2	КП2	Документ КП2	documentId
FB	DOCUMENTS	КП3	КП3	Документ КП3	documentId
FB	DOCUMENTS	ПЗВ_03.03.26_02	ПЗВ_03.03.26_02	Документ ПЗВ_03.03.26_02	documentId
FB	DOCUMENTS	ПЗВ_03.03.26_03	ПЗВ_03.03.26_03	Документ ПЗВ_03.03.26_03	documentId
FB	DOCUMENTS	ПЗВ_04.03.26_01	ПЗВ_04.03.26_01	Документ ПЗВ_04.03.26_01	documentId
FB	DOCUMENTS	ПЗВ_04.03.26_02	ПЗВ_04.03.26_02	Документ ПЗВ_04.03.26_02	documentId
FB	DOCUMENTS	ПЗВ_06.03.26_01	ПЗВ_06.03.26_01	Документ ПЗВ_06.03.26_01	documentId
FB	DOCUMENTS	ПЗВ_10.03.26_01	ПЗВ_10.03.26_01	Документ ПЗВ_10.03.26_01	documentId
FB	DOCUMENTS	ПЗВ_16.01.26_1	ПЗВ_16.01.26_1	Документ ПЗВ_16.01.26_1	documentId
FB	DOCUMENTS	ПЗВ_18.02.26_01	ПЗВ_18.02.26_01	Документ ПЗВ_18.02.26_01	documentId
FB	DOCUMENTS	ПЗВ_18.02.26_02	ПЗВ_18.02.26_02	Документ ПЗВ_18.02.26_02	documentId
FB	DOCUMENTS	ПЗВ_18.02.26_05	ПЗВ_18.02.26_05	Документ ПЗВ_18.02.26_05	documentId
FB	DOCUMENTS	ПЗВ_18.02.26_06	ПЗВ_18.02.26_06	Документ ПЗВ_18.02.26_06	documentId
FB	DOCUMENTS	ПЗВ_18.02.26_08	ПЗВ_18.02.26_08	Документ ПЗВ_18.02.26_08	documentId
FB	DOCUMENTS	ПЗВ_18.02.26_09	ПЗВ_18.02.26_09	Документ ПЗВ_18.02.26_09	documentId
FB	DOCUMENTS	ПЗВ_18.02.26_12	ПЗВ_18.02.26_12	Документ ПЗВ_18.02.26_12	documentId
FB	DOCUMENTS	ПЗВ_18.02.26_13	ПЗВ_18.02.26_13	Документ ПЗВ_18.02.26_13	documentId
FB	DOCUMENTS	ПЗВ_18.02.26_17	ПЗВ_18.02.26_17	Документ ПЗВ_18.02.26_17	documentId
FB	DOCUMENTS	ПЗВ_18.02.26_19	ПЗВ_18.02.26_19	Документ ПЗВ_18.02.26_19	documentId
FB	DOCUMENTS	ПЗВ_18.02.26_23	ПЗВ_18.02.26_23	Документ ПЗВ_18.02.26_23	documentId
FB	DOCUMENTS	ПЗВ_18.02.26_25	ПЗВ_18.02.26_25	Документ ПЗВ_18.02.26_25	documentId
FB	DOCUMENTS	ПЗВ_18.02.26_26	ПЗВ_18.02.26_26	Документ ПЗВ_18.02.26_26	documentId
FB	DOCUMENTS	ПЗВ_18.02.26_27	ПЗВ_18.02.26_27	Документ ПЗВ_18.02.26_27	documentId
FB	DOCUMENTS	ПЗВ_18.02.26_28	ПЗВ_18.02.26_28	Документ ПЗВ_18.02.26_28	documentId
FB	DOCUMENTS	ПЗВ_19.02.26_01	ПЗВ_19.02.26_01	Документ ПЗВ_19.02.26_01	documentId
FB	DOCUMENTS	ПЗВ_19.02.26_02	ПЗВ_19.02.26_02	Документ ПЗВ_19.02.26_02	documentId
FB	DOCUMENTS	ПЗВ_19.02.26_27	ПЗВ_19.02.26_27	Документ ПЗВ_19.02.26_27	documentId
FB	DOCUMENTS	РСКПутч	РСКПутч	Документ РСКПутч	documentId
FB	DOCUMENTS	УВИПП№353	УВИПП№353	Документ УВИПП№353	documentId
FB	DOCUMENTS	УВИПП№354	УВИПП№354	Документ УВИПП№354	documentId
FB	DOCUMENTS	ан1101	ан1101	Документ ан1101	documentId
FB	DOCUMENTS	витрина_тест22	витрина_тест22	Документ витрина_тест22	documentId
FB	DOCUMENTS	витрина_тест34	витрина_тест34	Документ витрина_тест34	documentId
FB	DOCUMENTS	витрина_тест53	витрина_тест53	Документ витрина_тест53	documentId
FB	DOCUMENTS	витрина_тест57	витрина_тест57	Документ витрина_тест57	documentId
FB	DOCUMENTS	тест_орфк	тест_орфк	Документ тест_орфк	documentId
FB	DOCUMENTS	тесторфк2	тесторфк2	Документ тесторфк2	documentId
FB	FAIP	000000000000019215	000000000000019215	ФАИП 000000000000019215	faip
FB	FAIP	000000000000646727	000000000000646727	ФАИП 000000000000646727	faip
FB	FAIP	000000000000752002	000000000000752002	ФАИП 000000000000752002	faip
FB	FAIP	000000000000794681	000000000000794681	ФАИП 000000000000794681	faip
FB	FAIP	000000000000878696	000000000000878696	ФАИП 000000000000878696	faip
FB	FAIP	000000000000942208	000000000000942208	ФАИП 000000000000942208	faip
FB	FAIP	000000001120960453	000000001120960453	ФАИП 000000001120960453	faip
FB	FAIP	00190000081910	00190000081910	ФАИП 00190000081910	faip
FB	FAIP	395630435101210001	395630435101210001	ФАИП 395630435101210001	faip
FB	KBK	0200605122Y4Y0000300	0200605122Y4Y0000300	КБК 0200605122Y4Y0000300	kbk
FB	KBK	04804060140390000200	04804060140390000200	КБК 04804060140390000200	kbk
FB	KBK	04804060140390000245	04804060140390000245	КБК 04804060140390000245	kbk
FB	KBK	0480605122Y4Y0000300	0480605122Y4Y0000300	КБК 0480605122Y4Y0000300	kbk
FB	KBK	04807080250190000400	04807080250190000400	КБК 04807080250190000400	kbk
FB	KBK	05101031030290000400	05101031030290000400	КБК 05101031030290000400	kbk
FB	KBK	05101031030294009414	05101031030294009414	КБК 05101031030294009414	kbk
FB	KBK	05101031030294009415	05101031030294009415	КБК 05101031030294009415	kbk
FB	KBK	05101031030294009416	05101031030294009416	КБК 05101031030294009416	kbk
FB	KBK	05101031030294009417	05101031030294009417	КБК 05101031030294009417	kbk
FB	KBK	05101031030294009418	05101031030294009418	КБК 05101031030294009418	kbk
FB	KBK	10000000000000000510	10000000000000000510	КБК 10000000000000000510	kbk
FB	KBK	10000000000000000560	10000000000000000560	КБК 10000000000000000560	kbk
FB	KBK	10000000000000000610	10000000000000000610	КБК 10000000000000000610	kbk
FB	KBK	10000000000000000660	10000000000000000660	КБК 10000000000000000660	kbk
FB	KBK	10000000000000000730	10000000000000000730	КБК 10000000000000000730	kbk
FB	KBK	10000000000000000830	10000000000000000830	КБК 10000000000000000830	kbk
FB	KBK	10001050201010002510	10001050201010002510	КБК 10001050201010002510	kbk
FB	KBK	10001050201010002610	10001050201010002610	КБК 10001050201010002610	kbk
FB	KBK	10001059999999999510	10001059999999999510	КБК 10001059999999999510	kbk
FB	KBK	10001059999999999610	10001059999999999610	КБК 10001059999999999610	kbk
FB	KBK	10001060200010000310	10001060200010000310	КБК 10001060200010000310	kbk
FB	KBK	10001061002010001550	10001061002010001550	КБК 10001061002010001550	kbk
FB	KBK	10011701010016000180	10011701010016000180	КБК 10011701010016000180	kbk
FB	KBK	15301063941590049244	15301063941590049244	КБК 15301063941590049244	kbk
FB	KBK	16700000000000000510	16700000000000000510	КБК 16700000000000000510	kbk
FB	KBK	16700000000000000610	16700000000000000610	КБК 16700000000000000610	kbk
FB	KBK	17703054230390000300	17703054230390000300	КБК 17703054230390000300	kbk
FB	KBK	18200000000000000000	18200000000000000000	КБК 18200000000000000000	kbk
FB	KBK	18200000000000000510	18200000000000000510	КБК 18200000000000000510	kbk
FB	KBK	18200000000000000610	18200000000000000610	КБК 18200000000000000610	kbk
FB	KBK	18201063930290019242	18201063930290019242	КБК 18201063930290019242	kbk
FB	KBK	18201063930290019244	18201063930290019244	КБК 18201063930290019244	kbk
FB	KBK	18201063930290059242	18201063930290059242	КБК 18201063930290059242	kbk
FB	KBK	18201063930297023242	18201063930297023242	КБК 18201063930297023242	kbk
FB	KBK	18201063931592501242	18201063931592501242	КБК 18201063931592501242	kbk
FB	KBK	18201063940290019242	18201063940290019242	КБК 18201063940290019242	kbk
FB	KBK	18201063940290059244	18201063940290059244	КБК 18201063940290059244	kbk
FB	KBK	18201063940292035244	18201063940292035244	КБК 18201063940292035244	kbk
FB	KBK	18201063940294009523	18201063940294009523	КБК 18201063940294009523	kbk
FB	KBK	18201063940590012121	18201063940590012121	КБК 18201063940590012121	kbk
FB	KBK	18201063940590019123	18201063940590019123	КБК 18201063940590019123	kbk
FB	KBK	18201063940592501244	18201063940592501244	КБК 18201063940592501244	kbk
FB	KBK	18202049490090012241	18202049490090012241	КБК 18202049490090012241	kbk
FB	KBK	18202049490090012242	18202049490090012242	КБК 18202049490090012242	kbk
FB	KBK	18202049490090012243	18202049490090012243	КБК 18202049490090012243	kbk
FB	KBK	18202049490090012244	18202049490090012244	КБК 18202049490090012244	kbk
FB	KBK	18203054230390000300	18203054230390000300	КБК 18203054230390000300	kbk
FB	KBK	18205030520856890523	18205030520856890523	КБК 18205030520856890523	kbk
FB	KBK	1820706233D415900322	1820706233D415900322	КБК 1820706233D415900322	kbk
FB	KBK	18800000000000000510	18800000000000000510	КБК 18800000000000000510	kbk
FB	KBK	32000000000000000000	32000000000000000000	КБК 32000000000000000000	kbk
FB	KBK	32001031030290000200	32001031030290000200	КБК 32001031030290000200	kbk
FB	KBK	32001031030294009200	32001031030294009200	КБК 32001031030294009200	kbk
FB	KBK	32001031030294009241	32001031030294009241	КБК 32001031030294009241	kbk
FB	KBK	32001031030294009242	32001031030294009242	КБК 32001031030294009242	kbk
FB	KBK	32001031030294009243	32001031030294009243	КБК 32001031030294009243	kbk
FB	KBK	32001031030294009244	32001031030294009244	КБК 32001031030294009244	kbk
FB	KBK	32001031030294009245	32001031030294009245	КБК 32001031030294009245	kbk
FB	KBK	32003054230390000100	32003054230390000100	КБК 32003054230390000100	kbk
FB	KBK	32003054230390000300	32003054230390000300	КБК 32003054230390000300	kbk
FB	KBK	32003054230390000400	32003054230390000400	КБК 32003054230390000400	kbk
FB	KBK	32003054230390049121	32003054230390049121	КБК 32003054230390049121	kbk
FB	KBK	32003089490090000200	32003089490090000200	КБК 32003089490090000200	kbk
FB	KBK	32003089490090000400	32003089490090000400	КБК 32003089490090000400	kbk
FB	KBK	32003089490090012241	32003089490090012241	КБК 32003089490090012241	kbk
FB	KBK	32003089490090012400	32003089490090012400	КБК 32003089490090012400	kbk
FB	KBK	32007091030294009245	32007091030294009245	КБК 32007091030294009245	kbk
FB	KBK	77702049490090012241	77702049490090012241	КБК 77702049490090012241	kbk
FB	KBK	77702049490090012242	77702049490090012242	КБК 77702049490090012242	kbk
FB	KBK	77702049490090012243	77702049490090012243	КБК 77702049490090012243	kbk
FB	KBK	77702049490090012244	77702049490090012244	КБК 77702049490090012244	kbk
FB	KBK	77703054230390000300	77703054230390000300	КБК 77703054230390000300	kbk
FB	OKTMO	00000001	00000001	ОКТМО 00000001	oktmo
FB	OKTMO	121	121	ОКТМО 121	oktmo
FB	OKTMO	26A0001	26A0001	ОКТМО 26A0001	oktmo
FB	OKTMO	26A0002	26A0002	ОКТМО 26A0002	oktmo
FB	OKTMO	26A0003	26A0003	ОКТМО 26A0003	oktmo
FB	OKTMO	26A0004	26A0004	ОКТМО 26A0004	oktmo
FB	OKTMO	26A0006	26A0006	ОКТМО 26A0006	oktmo
FB	OKTMO	411	411	ОКТМО 411	oktmo
FB	OKTMO	63000000	63000000	ОКТМО 63000000	oktmo
FB	OKTMO	70648458	70648458	ОКТМО 70648458	oktmo
FB	OKTMO	888	888	ОКТМО 888	oktmo
FB	OKTMO	К01	К01	ОКТМО К01	oktmo
FB	OKTMO	К02	К02	ОКТМО К02	oktmo
FB	OKTMO	К04	К04	ОКТМО К04	oktmo
FB	OKTMO	К08	К08	ОКТМО К08	oktmo
FB	PERSONAL_ACCOUNTS	01951000200	01951000200	Лицевой счет 01951000200	pa
FB	PERSONAL_ACCOUNTS	01951000480	01951000480	Лицевой счет 01951000480	pa
FB	PERSONAL_ACCOUNTS	01951000510	01951000510	Лицевой счет 01951000510	pa
FB	PERSONAL_ACCOUNTS	01951001770	01951001770	Лицевой счет 01951001770	pa
FB	PERSONAL_ACCOUNTS	01951001820	01951001820	Лицевой счет 01951001820	pa
FB	PERSONAL_ACCOUNTS	01951003200	01951003200	Лицевой счет 01951003200	pa
FB	PERSONAL_ACCOUNTS	01951007770	01951007770	Лицевой счет 01951007770	pa
FB	PERSONAL_ACCOUNTS	03211643000000016000	03211643000000016000	Лицевой счет 03211643000000016000	pa
FB	PERSONAL_ACCOUNTS	03211643000000019501	03211643000000019501	Лицевой счет 03211643000000019501	pa
FB	PERSONAL_ACCOUNTS	03211643000000019503	03211643000000019503	Лицевой счет 03211643000000019503	pa
FB	PERSONAL_ACCOUNTS	03212643000000010100	03212643000000010100	Лицевой счет 03212643000000010100	pa
FB	PERSONAL_ACCOUNTS	03212643000000013202	03212643000000013202	Лицевой счет 03212643000000013202	pa
FB	PERSONAL_ACCOUNTS	03212643000000016000	03212643000000016000	Лицевой счет 03212643000000016000	pa
FB	PERSONAL_ACCOUNTS	03601076330	03601076330	Лицевой счет 03601076330	pa
FB	PERSONAL_ACCOUNTS	03601076336	03601076336	Лицевой счет 03601076336	pa
FB	PERSONAL_ACCOUNTS	03601105480	03601105480	Лицевой счет 03601105480	pa
FB	PERSONAL_ACCOUNTS	03951001820	03951001820	Лицевой счет 03951001820	pa
FB	PERSONAL_ACCOUNTS	03951003200	03951003200	Лицевой счет 03951003200	pa
FB	PERSONAL_ACCOUNTS	04601073740	04601073740	Лицевой счет 04601073740	pa
FB	PERSONAL_ACCOUNTS	04951А63100	04951А63100	Лицевой счет 04951А63100	pa
FB	PERSONAL_ACCOUNTS	05011073740	05011073740	Лицевой счет 05011073740	pa
FB	PERSONAL_ACCOUNTS	05011076330	05011076330	Лицевой счет 05011076330	pa
FB	PERSONAL_ACCOUNTS	05011076331	05011076331	Лицевой счет 05011076331	pa
FB	PERSONAL_ACCOUNTS	05011076332	05011076332	Лицевой счет 05011076332	pa
FB	PERSONAL_ACCOUNTS	05011076333	05011076333	Лицевой счет 05011076333	pa
FB	PERSONAL_ACCOUNTS	05011076334	05011076334	Лицевой счет 05011076334	pa
FB	PERSONAL_ACCOUNTS	05011076335	05011076335	Лицевой счет 05011076335	pa
FB	PERSONAL_ACCOUNTS	05011076336	05011076336	Лицевой счет 05011076336	pa
FB	PERSONAL_ACCOUNTS	05481506070	05481506070	Лицевой счет 05481506070	pa
FB	PERSONAL_ACCOUNTS	05601073740	05601073740	Лицевой счет 05601073740	pa
FB	PERSONAL_ACCOUNTS	05601076330	05601076330	Лицевой счет 05601076330	pa
FB	PERSONAL_ACCOUNTS	05601А27480	05601А27480	Лицевой счет 05601А27480	pa
FB	PERSONAL_ACCOUNTS	06951001000	06951001000	Лицевой счет 06951001000	pa
FB	PERSONAL_ACCOUNTS	08601076330	08601076330	Лицевой счет 08601076330	pa
FB	PERSONAL_ACCOUNTS	08951А63100	08951А63100	Лицевой счет 08951А63100	pa
FB	PERSONAL_ACCOUNTS	1800	1800	Лицевой счет 1800	pa
FB	PERSONAL_ACCOUNTS	40102840500000000003	40102840500000000003	Лицевой счет 40102840500000000003	pa
FB	PERSONAL_ACCOUNTS	52951000928	52951000928	Лицевой счет 52951000928	pa
FB	PERSONAL_ACCOUNTS	6000	6000	Лицевой счет 6000	pa
FB	PERSONAL_ACCOUNTS	9500	9500	Лицевой счет 9500	pa
FB	TARGET_CODES	0001	0001	Код цели 0001	targetCode
FB	TARGET_CODES	0001-01	0001-01	Код цели 0001-01	targetCode
FB	TARGET_CODES	0001-02	0001-02	Код цели 0001-02	targetCode
FB	TARGET_CODES	0002	0002	Код цели 0002	targetCode
FB	TARGET_CODES	0002-01	0002-01	Код цели 0002-01	targetCode
FB	TARGET_CODES	0002-02	0002-02	Код цели 0002-02	targetCode
FB	TARGET_CODES	0012	0012	Код цели 0012	targetCode
FB	TARGET_CODES	0012-02	0012-02	Код цели 0012-02	targetCode
FB	TARGET_CODES	0049	0049	Код цели 0049	targetCode
FB	TARGET_CODES	0049-02	0049-02	Код цели 0049-02	targetCode
FB	TARGET_CODES	1234567890123456789	1234567890123456789	Код цели 1234567890123456789	targetCode
FB	TARGET_CODES	999	999	Код цели 999	targetCode
FB	TOFK	0100	0100	ТОФК 0100	tofk
FB	TOFK	6000	6000	ТОФК 6000	tofk
